citekey,title,doi,url,identifier_type,verification_status,action
basu2023_med_easi_finely,Med-EASi: Finely Annotated Dataset and Models for Controllable Simplification of Medical Texts,10.1609/aaai.v37i12.26649,https://ojs.aaai.org/index.php/AAAI/article/view/26649,DOI,doi_structurally_verified_from_source,"Run Crossref/Zotero DOI resolver; if mismatch, move to 00_To_Verify."
horiguchi2025_multimsd_multilingual_medical,MultiMSD: A Corpus for Multilingual Medical Text Simplification from Online Medical References,10.18653/v1/2025.findings-acl.481,https://aclanthology.org/2025.findings-acl.481/,DOI,doi_structurally_verified_from_source,"Run Crossref/Zotero DOI resolver; if mismatch, move to 00_To_Verify."
joseph2023_multilingual_simplification_medical,Multilingual Simplification of Medical Texts,10.18653/v1/2023.emnlp-main.1037,https://aclanthology.org/2023.emnlp-main.1037/,DOI,doi_structurally_verified_from_source,"Run Crossref/Zotero DOI resolver; if mismatch, move to 00_To_Verify."
bakker2024_cochrane_auto_aligned,Cochrane-auto: An Aligned Dataset for the Simplification of Biomedical Abstracts,10.18653/v1/2024.tsar-1.5,https://aclanthology.org/2024.tsar-1.5/,DOI,doi_structurally_verified_from_source,"Run Crossref/Zotero DOI resolver; if mismatch, move to 00_To_Verify."
yao2024_readme_bridging_medical,README: Bridging Medical Jargon and Lay Understanding for Patient Education through Data-Centric NLP,10.18653/v1/2024.findings-emnlp.737,https://aclanthology.org/2024.findings-emnlp.737/,DOI,doi_structurally_verified_from_source,"Run Crossref/Zotero DOI resolver; if mismatch, move to 00_To_Verify."
devaraj2021_paragraph_level_simplification,Paragraph-level Simplification of Medical Texts,10.18653/v1/2021.naacl-main.395,https://aclanthology.org/2021.naacl-main.395/,DOI,doi_structurally_verified_from_source,"Run Crossref/Zotero DOI resolver; if mismatch, move to 00_To_Verify."
devaraj2022_evaluating_factuality_text,Evaluating Factuality in Text Simplification,10.18653/v1/2022.acl-long.506,https://aclanthology.org/2022.acl-long.506/,DOI,doi_structurally_verified_from_source,"Run Crossref/Zotero DOI resolver; if mismatch, move to 00_To_Verify."
flores2023_medical_text_simplification,Medical Text Simplification: Optimizing for Readability with Unlikelihood Training and Reranked Beam Search Decoding,10.18653/v1/2023.findings-emnlp.322,https://aclanthology.org/2023.findings-emnlp.322/,DOI,doi_structurally_verified_from_source,"Run Crossref/Zotero DOI resolver; if mismatch, move to 00_To_Verify."
phatak2022_medical_text_simplification,Medical Text Simplification Using Reinforcement Learning (TESLEA): Deep Learning-Based Text Simplification Approach,10.2196/38095,https://medinform.jmir.org/2022/11/e38095/,DOI,doi_present_needs_crossref_check,"Run Crossref/Zotero DOI resolver; if mismatch, move to 00_To_Verify."
moramarco2022_more_patient_friendly,Towards More Patient Friendly Clinical Notes through Language Models and Ontologies,,https://pmc.ncbi.nlm.nih.gov/articles/PMC8861686/,PMID,pmid_stable_no_doi,Open PubMed record; export PMID/NBIB into Zotero.
trienes2022_patient_friendly_clinical,Patient-Friendly Clinical Notes: Towards a New Text Simplification Dataset,10.18653/v1/2022.tsar-1.3,https://aclanthology.org/2022.tsar-1.3/,DOI,doi_structurally_verified_from_source,"Run Crossref/Zotero DOI resolver; if mismatch, move to 00_To_Verify."
rahman2024_health_text_simplification,Health Text Simplification: An Annotated Corpus for Digestive Cancer Education and Novel Strategies for Reinforcement Learning,10.1016/j.jbi.2024.104727,https://dl.acm.org/doi/10.1016/j.jbi.2024.104727,DOI,doi_structurally_verified_from_source,"Run Crossref/Zotero DOI resolver; if mismatch, move to 00_To_Verify."
pavithra2025_bridging_health_literacy,Bridging Health Literacy Gaps in Indian Languages: Multilingual LLMs for Clinical Text Simplification,10.18653/v1/2025.sciprodllm-1.1,https://aclanthology.org/2025.sciprodllm-1.1/,DOI,doi_structurally_verified_from_source,"Run Crossref/Zotero DOI resolver; if mismatch, move to 00_To_Verify."
tran2025_medreadctrl_personalizing_medical,MedReadCtrl: Personalizing Medical Text Generation with Readability-Controlled Instruction Learning,,https://arxiv.org/abs/2507.07419,arXiv,arxiv_stable_no_doi,Open arXiv page; export BibTeX from arXiv or Zotero connector.
qenam2017_text_simplification_consumer,Text Simplification Using Consumer Health Vocabulary to Generate Patient-Centered Radiology Reporting: Translation and Evaluation,10.2196/jmir.8531,https://www.jmir.org/2017/12/e417/,DOI,doi_present_needs_crossref_check,"Run Crossref/Zotero DOI resolver; if mismatch, move to 00_To_Verify."
makhmutova2024_medical_text_simplification,Automated Medical Text Simplification for Enhanced Patient Understanding,,https://arxiv.org/abs/2402.16038,arXiv,arxiv_stable_no_doi,Open arXiv page; export BibTeX from arXiv or Zotero connector.
vora2025_s_3_pipeline,S-3 Pipeline for Biomedical Text Simplification,,https://ceur-ws.org/Vol-4038/paper_361.pdf,URL,url_stable_no_doi,Open publisher/repository URL; verify metadata manually.
bakker2025_overview_clef_2025,Overview of the CLEF 2025 SimpleText Task 1: Scientific and Biomedical Text Simplification,,https://ceur-ws.org/Vol-4038/paper_344.pdf,URL,url_stable_no_doi,Open publisher/repository URL; verify metadata manually.
grabar2018_clear_medical_french,CLEAR: A Corpus for Medical French Text Simplification,,https://aclanthology.org/W18-7001/,ACL Anthology ID,acl_id_stable_no_doi_field,Open ACL page; use BibTeX from ACL Anthology if available.
cardon2020_french_biomedical_text,French Biomedical Text Simplification: When Small and Precise Helps,,https://jbiomedsem.biomedcentral.com/,URL,url_stable_no_doi,Open publisher/repository URL; verify metadata manually.
aziz2025_banglahealth_bengali_paraphrase,BanglaHealth: A Bengali Paraphrase Dataset on Health Domain,10.1016/j.dib.2025.111699,https://www.sciencedirect.com/science/article/pii/S2352340925004299,DOI,doi_structurally_verified_from_source,"Run Crossref/Zotero DOI resolver; if mismatch, move to 00_To_Verify."
khan2023_banglachq_summ_abstractive,BanglaCHQ-Summ: An Abstractive Summarization Dataset for Medical Queries in Bangla Conversational Speech,10.18653/v1/2023.banglalp-1.10,https://aclanthology.org/2023.banglalp-1.10/,DOI,doi_structurally_verified_from_source,"Run Crossref/Zotero DOI resolver; if mismatch, move to 00_To_Verify."
khan2023_nervous_about_my,NERvous About My Health: Constructing a Bengali Medical Named Entity Recognition Dataset,10.18653/v1/2023.findings-emnlp.383,https://aclanthology.org/2023.findings-emnlp.383/,DOI,doi_structurally_verified_from_source,"Run Crossref/Zotero DOI resolver; if mismatch, move to 00_To_Verify."
islam2026_bangla_meder_multi,Bangla-MedER: Multi-BERT Ensemble Approach for the Recognition of Bangla Medical Entities,10.1371/journal.pone.0342558,https://journals.plos.org/plosone/article?id=10.1371/journal.pone.0342558,DOI,doi_present_needs_crossref_check,"Run Crossref/Zotero DOI resolver; if mismatch, move to 00_To_Verify."
bhattacharjee2022_banglabert_language_pretraining,BanglaBERT: Language Model Pretraining and Benchmarks for Low-Resource Language Understanding Evaluation in Bangla,10.18653/v1/2022.findings-naacl.98,https://aclanthology.org/2022.findings-naacl.98/,DOI,doi_structurally_verified_from_source,"Run Crossref/Zotero DOI resolver; if mismatch, move to 00_To_Verify."
das2024_banglat5_banglabert0_pretrained,BanglaT5 and BanglaBERT0: Large Pretrained Language Models for Bangla,,https://aclanthology.org/2024.lrec-main/,URL,url_stable_no_doi,Open publisher/repository URL; verify metadata manually.
mahtab2025_benchmark_context_driven,A Benchmark Dataset and Context-Driven Approach for Bangla Named Entity Recognition,10.18653/v1/2025.findings-naacl.380,https://aclanthology.org/2025.findings-naacl.380/,DOI,doi_structurally_verified_from_source,"Run Crossref/Zotero DOI resolver; if mismatch, move to 00_To_Verify."
ekbal2008_bengali_named_entity,Bengali Named Entity Recognition Using Support Vector Machine,,https://aclanthology.org/I08-5008/,ACL Anthology ID,acl_id_stable_no_doi_field,Open ACL page; use BibTeX from ACL Anthology if available.
hossain2017_bengali_question_answering,A Dataset for Bengali Question Answering in the Health Domain,,https://data.mendeley.com/datasets/4tt953xwk2,URL,url_stable_no_doi,Open publisher/repository URL; verify metadata manually.
laskar2023_benllmeval_comprehensive_evaluation,BenLLMEval: A Comprehensive Evaluation into the Potentials and Pitfalls of Large Language Models on Bengali NLP,,https://arxiv.org/abs/2309.13173,arXiv,arxiv_stable_no_doi,Open arXiv page; export BibTeX from arXiv or Zotero connector.
kakwani2020_indicnlpsuite_monolingual_corpora,"IndicNLPSuite: Monolingual Corpora, Evaluation Benchmarks and Pre-trained Multilingual Language Models for Indian Languages",10.18653/v1/2020.findings-emnlp.445,https://aclanthology.org/2020.findings-emnlp.445/,DOI,doi_structurally_verified_from_source,"Run Crossref/Zotero DOI resolver; if mismatch, move to 00_To_Verify."
ramesh2022_samanantar_largest_publicly,Samanantar: The Largest Publicly Available Parallel Corpora Collection for 11 Indic Languages,10.1162/tacl_a_00452,https://aclanthology.org/2022.tacl-1.9/,DOI,doi_structurally_verified_from_source,"Run Crossref/Zotero DOI resolver; if mismatch, move to 00_To_Verify."
doddapaneni2023_indictrans2_high_quality,IndicTrans2: Towards High-Quality and Accessible Machine Translation Models for all 22 Scheduled Indian Languages,,https://arxiv.org/abs/2305.16307,arXiv,arxiv_stable_no_doi,Open arXiv page; export BibTeX from arXiv or Zotero connector.
costajuss2022_no_language_left,No Language Left Behind: Scaling Human-Centered Machine Translation,,https://arxiv.org/abs/2207.04672,arXiv,arxiv_stable_no_doi,Open arXiv page; export BibTeX from arXiv or Zotero connector.
dabre2020_multilingual_neural_machine,A Survey of Multilingual Neural Machine Translation,10.1145/3406095,https://doi.org/10.1145/3406095,DOI,doi_structurally_verified_from_source,"Run Crossref/Zotero DOI resolver; if mismatch, move to 00_To_Verify."
hasan2020_not_low_resource,"Not Low-Resource Anymore: Aligner Ensembling, Batch Filtering, and New Datasets for Bengali-English Machine Translation",10.18653/v1/2020.emnlp-main.207,https://aclanthology.org/2020.emnlp-main.207/,DOI,doi_structurally_verified_from_source,"Run Crossref/Zotero DOI resolver; if mismatch, move to 00_To_Verify."
akter2025_banglat5_mhealth_bengali,BanglaT5-mHealth: A Bengali Health-Domain Paraphrasing Model,,https://huggingface.co/faisal4590aziz/bangla-t5-mHealth,URL,url_stable_no_doi,Open publisher/repository URL; verify metadata manually.
maynez2020_faithfulness_factuality_abstractive,On Faithfulness and Factuality in Abstractive Summarization,10.18653/v1/2020.acl-main.173,https://aclanthology.org/2020.acl-main.173/,DOI,doi_structurally_verified_from_source,"Run Crossref/Zotero DOI resolver; if mismatch, move to 00_To_Verify."
pagnoni2021_understanding_factuality_abstractive,Understanding Factuality in Abstractive Summarization with FRANK: A Benchmark for Factuality Metrics,10.1162/tacl_a_00368,https://aclanthology.org/2021.tacl-1.28/,DOI,doi_structurally_verified_from_source,"Run Crossref/Zotero DOI resolver; if mismatch, move to 00_To_Verify."
gabriel2021_go_figure_meta,GO FIGURE: A Meta Evaluation of Factuality in Summarization,10.18653/v1/2021.findings-acl.58,https://aclanthology.org/2021.findings-acl.58/,DOI,doi_structurally_verified_from_source,"Run Crossref/Zotero DOI resolver; if mismatch, move to 00_To_Verify."
falke2019_ranking_generated_summaries,Ranking Generated Summaries by Correctness: An Interesting but Challenging Application for Natural Language Inference,10.18653/v1/P19-1213,https://aclanthology.org/P19-1213/,DOI,doi_structurally_verified_from_source,"Run Crossref/Zotero DOI resolver; if mismatch, move to 00_To_Verify."
kryscinski2020_evaluating_factual_consistency,Evaluating the Factual Consistency of Abstractive Text Summarization,10.18653/v1/2020.emnlp-main.750,https://aclanthology.org/2020.emnlp-main.750/,DOI,doi_structurally_verified_from_source,"Run Crossref/Zotero DOI resolver; if mismatch, move to 00_To_Verify."
goyal2021_annotating_modeling_fine,Annotating and Modeling Fine-grained Factuality in Summarization,10.18653/v1/2021.naacl-main.114,https://aclanthology.org/2021.naacl-main.114/,DOI,doi_structurally_verified_from_source,"Run Crossref/Zotero DOI resolver; if mismatch, move to 00_To_Verify."
fabbri2021_summeval_re_evaluating,SummEval: Re-evaluating Summarization Evaluation,10.1162/tacl_a_00373,https://aclanthology.org/2021.tacl-1.24/,DOI,doi_structurally_verified_from_source,"Run Crossref/Zotero DOI resolver; if mismatch, move to 00_To_Verify."
durmus2020_feqa_question_answering,FEQA: A Question Answering Evaluation Framework for Faithfulness Assessment in Abstractive Summarization,10.18653/v1/2020.acl-main.454,https://aclanthology.org/2020.acl-main.454/,DOI,doi_structurally_verified_from_source,"Run Crossref/Zotero DOI resolver; if mismatch, move to 00_To_Verify."
wang2020_asking_answering_questions,Asking and Answering Questions to Evaluate the Factual Consistency of Summaries,10.18653/v1/2020.acl-main.450,https://aclanthology.org/2020.acl-main.450/,DOI,doi_structurally_verified_from_source,"Run Crossref/Zotero DOI resolver; if mismatch, move to 00_To_Verify."
scialom2021_questeval_summarization_asks,QuestEval: Summarization Asks for Fact-based Evaluation,10.18653/v1/2021.emnlp-main.529,https://aclanthology.org/2021.emnlp-main.529/,DOI,doi_structurally_verified_from_source,"Run Crossref/Zotero DOI resolver; if mismatch, move to 00_To_Verify."
laban2022_summac_re_visiting,SummaC: Re-Visiting NLI-based Models for Inconsistency Detection in Summarization,10.1162/tacl_a_00453,https://aclanthology.org/2022.tacl-1.10/,DOI,doi_structurally_verified_from_source,"Run Crossref/Zotero DOI resolver; if mismatch, move to 00_To_Verify."
min2023_factscore_fine_grained,FActScore: Fine-grained Atomic Evaluation of Factual Precision in Long Form Text Generation,10.18653/v1/2023.emnlp-main.741,https://aclanthology.org/2023.emnlp-main.741/,DOI,doi_structurally_verified_from_source,"Run Crossref/Zotero DOI resolver; if mismatch, move to 00_To_Verify."
zha2023_alignscore_evaluating_factual,AlignScore: Evaluating Factual Consistency with A Unified Alignment Function,10.18653/v1/2023.acl-long.634,https://aclanthology.org/2023.acl-long.634/,DOI,doi_structurally_verified_from_source,"Run Crossref/Zotero DOI resolver; if mismatch, move to 00_To_Verify."
koto2020_ffci_framework_interpretable,FFCI: A Framework for Interpretable Automatic Evaluation of Summarization,,https://aclanthology.org/2020.coling-main.251/,ACL Anthology ID,acl_id_stable_no_doi_field,Open ACL page; use BibTeX from ACL Anthology if available.
cao2018_faithful_original_fact,Faithful to the Original: Fact Aware Neural Abstractive Summarization,10.1609/aaai.v32i1.11960,https://ojs.aaai.org/index.php/AAAI/article/view/11960,DOI,doi_structurally_verified_from_source,"Run Crossref/Zotero DOI resolver; if mismatch, move to 00_To_Verify."
goodrich2019_assessing_factual_accuracy,Assessing the Factual Accuracy of Generated Text,10.1145/3292500.3330955,https://doi.org/10.1145/3292500.3330955,DOI,doi_structurally_verified_from_source,"Run Crossref/Zotero DOI resolver; if mismatch, move to 00_To_Verify."
dziri2022_evaluating_attribution_dialogue,Evaluating Attribution in Dialogue Systems: The BEGIN Benchmark,10.1162/tacl_a_00506,https://aclanthology.org/2022.tacl-1.62/,DOI,doi_structurally_verified_from_source,"Run Crossref/Zotero DOI resolver; if mismatch, move to 00_To_Verify."
rashkin2023_measuring_attribution_natural,Measuring Attribution in Natural Language Generation Models,10.1162/coli_a_00486,https://doi.org/10.1162/coli_a_00486,DOI,doi_structurally_verified_from_source,"Run Crossref/Zotero DOI resolver; if mismatch, move to 00_To_Verify."
li2023_hallucination_natural_language,Survey of Hallucination in Natural Language Generation,,https://arxiv.org/abs/2202.03629,arXiv,arxiv_stable_no_doi,Open arXiv page; export BibTeX from arXiv or Zotero connector.
ji2023_hallucination_natural_language,Survey of Hallucination in Natural Language Generation,10.1145/3571730,https://doi.org/10.1145/3571730,DOI,doi_structurally_verified_from_source,"Run Crossref/Zotero DOI resolver; if mismatch, move to 00_To_Verify."
manakul2023_selfcheckgpt_zero_resource,SelfCheckGPT: Zero-Resource Black-Box Hallucination Detection for Generative Large Language Models,10.18653/v1/2023.emnlp-main.557,https://aclanthology.org/2023.emnlp-main.557/,DOI,doi_structurally_verified_from_source,"Run Crossref/Zotero DOI resolver; if mismatch, move to 00_To_Verify."
li2023_halueval_hallucination_evaluation,HaluEval: A Large-Scale Hallucination Evaluation Benchmark for Large Language Models,10.18653/v1/2023.emnlp-main.397,https://aclanthology.org/2023.emnlp-main.397/,DOI,doi_structurally_verified_from_source,"Run Crossref/Zotero DOI resolver; if mismatch, move to 00_To_Verify."
chen2024_hallucination_detection_robustly,Hallucination Detection: Robustly Discerning Reliable Answers in Large Language Models,10.1145/3627673.3679910,https://doi.org/10.1145/3627673.3679910,DOI,doi_structurally_verified_from_source,"Run Crossref/Zotero DOI resolver; if mismatch, move to 00_To_Verify."
tam2023_checking_facts_fact,Checking the Facts: A Survey of Fact-Checking with Large Language Models,,https://arxiv.org/abs/2310.02140,arXiv,arxiv_stable_no_doi,Open arXiv page; export BibTeX from arXiv or Zotero connector.
huang2025_hallucination_language_principles,"A Survey on Hallucination in Large Language Models: Principles, Taxonomy, Challenges, and Open Questions",10.1145/3703155,https://doi.org/10.1145/3703155,DOI,doi_structurally_verified_from_source,"Run Crossref/Zotero DOI resolver; if mismatch, move to 00_To_Verify."
liu2024_lost_middle_how,Lost in the Middle: How Language Models Use Long Contexts,10.1162/tacl_a_00638,https://aclanthology.org/2024.tacl-1.9/,DOI,doi_structurally_verified_from_source,"Run Crossref/Zotero DOI resolver; if mismatch, move to 00_To_Verify."
romanov2018_lessons_natural_language,Lessons from Natural Language Inference in the Clinical Domain,10.18653/v1/D18-1187,https://aclanthology.org/D18-1187/,DOI,doi_structurally_verified_from_source,"Run Crossref/Zotero DOI resolver; if mismatch, move to 00_To_Verify."
conneau2018_xnli_evaluating_cross,XNLI: Evaluating Cross-lingual Sentence Representations,10.18653/v1/D18-1269,https://aclanthology.org/D18-1269/,DOI,doi_structurally_verified_from_source,"Run Crossref/Zotero DOI resolver; if mismatch, move to 00_To_Verify."
aggarwal2022_indicxnli_evaluating_multilingual,IndicXNLI: Evaluating Multilingual Inference for Indian Languages,10.18653/v1/2022.emnlp-main.755,https://aclanthology.org/2022.emnlp-main.755/,DOI,doi_structurally_verified_from_source,"Run Crossref/Zotero DOI resolver; if mismatch, move to 00_To_Verify."
bowman2015_annotated_learning_natural,A Large Annotated Corpus for Learning Natural Language Inference,10.18653/v1/D15-1075,https://aclanthology.org/D15-1075/,DOI,doi_structurally_verified_from_source,"Run Crossref/Zotero DOI resolver; if mismatch, move to 00_To_Verify."
williams2018_broad_coverage_challenge,A Broad-Coverage Challenge Corpus for Sentence Understanding through Inference,10.18653/v1/N18-1101,https://aclanthology.org/N18-1101/,DOI,doi_structurally_verified_from_source,"Run Crossref/Zotero DOI resolver; if mismatch, move to 00_To_Verify."
herlihy2021_mednli_not_immune,MedNLI Is Not Immune: Natural Language Inference Artifacts in the Clinical Domain,,https://arxiv.org/abs/2106.01491,arXiv,arxiv_stable_no_doi,Open arXiv page; export BibTeX from arXiv or Zotero connector.
oul2025_turkmednli_turkish_medical,TurkMedNLI: A Turkish Medical Natural Language Inference Dataset,10.1038/s41597-025-04689-3,https://pmc.ncbi.nlm.nih.gov/articles/PMC11888880/,DOI,doi_structurally_verified_from_source,"Run Crossref/Zotero DOI resolver; if mismatch, move to 00_To_Verify."
chaban2024_enhancing_medical_nli,Enhancing Medical NLI with Integrated Domain Knowledge,,https://ceur-ws.org/Vol-3790/paper23.pdf,URL,url_stable_no_doi,Open publisher/repository URL; verify metadata manually.
wadden2020_fact_or_fiction,Fact or Fiction: Verifying Scientific Claims,10.18653/v1/2020.emnlp-main.609,https://aclanthology.org/2020.emnlp-main.609/,DOI,doi_structurally_verified_from_source,"Run Crossref/Zotero DOI resolver; if mismatch, move to 00_To_Verify."
saakyan2021_covid_fact_fact,COVID-Fact: Fact Extraction and Verification of Real-World Claims on COVID-19 Pandemic,10.18653/v1/2021.acl-long.165,https://aclanthology.org/2021.acl-long.165/,DOI,doi_structurally_verified_from_source,"Run Crossref/Zotero DOI resolver; if mismatch, move to 00_To_Verify."
kotonya2020_explainable_fact_checking,Explainable Automated Fact-Checking for Public Health Claims,10.18653/v1/2020.emnlp-main.623,https://aclanthology.org/2020.emnlp-main.623/,DOI,doi_structurally_verified_from_source,"Run Crossref/Zotero DOI resolver; if mismatch, move to 00_To_Verify."
thorne2018_fever_fact_extraction,FEVER: A Large-scale Dataset for Fact Extraction and VERification,10.18653/v1/N18-1074,https://aclanthology.org/N18-1074/,DOI,doi_structurally_verified_from_source,"Run Crossref/Zotero DOI resolver; if mismatch, move to 00_To_Verify."
nie2019_combining_fact_extraction,Combining Fact Extraction and Verification with Neural Semantic Matching Networks,10.1609/aaai.v33i01.33016859,https://ojs.aaai.org/index.php/AAAI/article/view/4650,DOI,doi_structurally_verified_from_source,"Run Crossref/Zotero DOI resolver; if mismatch, move to 00_To_Verify."
schuster2021_get_your_vitamin,Get Your Vitamin C! Robust Fact Verification with Contrastive Evidence,10.18653/v1/2021.naacl-main.52,https://aclanthology.org/2021.naacl-main.52/,DOI,doi_structurally_verified_from_source,"Run Crossref/Zotero DOI resolver; if mismatch, move to 00_To_Verify."
zetsu2024_edit_constrained_decoding,Edit-Constrained Decoding for Sentence Simplification,10.18653/v1/2024.findings-emnlp.419,https://aclanthology.org/2024.findings-emnlp.419/,DOI,doi_structurally_verified_from_source,"Run Crossref/Zotero DOI resolver; if mismatch, move to 00_To_Verify."
hokamp2017_lexically_constrained_decoding,Lexically Constrained Decoding for Sequence Generation Using Grid Beam Search,10.18653/v1/P17-1141,https://aclanthology.org/P17-1141/,DOI,doi_structurally_verified_from_source,"Run Crossref/Zotero DOI resolver; if mismatch, move to 00_To_Verify."
post2018_fast_lexically_constrained,Fast Lexically Constrained Decoding with Dynamic Beam Allocation for Neural Machine Translation,10.18653/v1/N18-1119,https://aclanthology.org/N18-1119/,DOI,doi_structurally_verified_from_source,"Run Crossref/Zotero DOI resolver; if mismatch, move to 00_To_Verify."
anderson2017_guided_open_vocabulary,Guided Open Vocabulary Image Captioning with Constrained Beam Search,10.18653/v1/D17-1098,https://aclanthology.org/D17-1098/,DOI,doi_structurally_verified_from_source,"Run Crossref/Zotero DOI resolver; if mismatch, move to 00_To_Verify."
lu2021_neurologic_decoding_un,Neurologic Decoding: (Un)supervised Neural Text Generation with Predicate Logic Constraints,10.18653/v1/2021.naacl-main.339,https://aclanthology.org/2021.naacl-main.339/,DOI,doi_structurally_verified_from_source,"Run Crossref/Zotero DOI resolver; if mismatch, move to 00_To_Verify."
welleck2020_neural_text_generation,Neural Text Generation with Unlikelihood Training,,https://openreview.net/forum?id=SJeYe0NtvH,URL,url_stable_no_doi,Open publisher/repository URL; verify metadata manually.
pascual2021_plug_play_controlled,A Plug-and-Play Method for Controlled Text Generation,10.18653/v1/2021.findings-acl.334,https://aclanthology.org/2021.findings-acl.334/,DOI,doi_structurally_verified_from_source,"Run Crossref/Zotero DOI resolver; if mismatch, move to 00_To_Verify."
dathathri2020_plug_play_language,Plug and Play Language Models: A Simple Approach to Controlled Text Generation,,https://openreview.net/forum?id=H1edEyBKDS,URL,url_stable_no_doi,Open publisher/repository URL; verify metadata manually.
krause2021_gedi_generative_discriminator,GeDi: Generative Discriminator Guided Sequence Generation,10.18653/v1/2021.findings-emnlp.424,https://aclanthology.org/2021.findings-emnlp.424/,DOI,doi_structurally_verified_from_source,"Run Crossref/Zotero DOI resolver; if mismatch, move to 00_To_Verify."
shin2020_autoprompt_eliciting_knowledge,AutoPrompt: Eliciting Knowledge from Language Models with Automatically Generated Prompts,10.18653/v1/2020.emnlp-main.346,https://aclanthology.org/2020.emnlp-main.346/,DOI,doi_structurally_verified_from_source,"Run Crossref/Zotero DOI resolver; if mismatch, move to 00_To_Verify."
hu2017_controlled_generation_text,Toward Controlled Generation of Text,,https://proceedings.mlr.press/v70/hu17e.html,URL,url_stable_no_doi,Open publisher/repository URL; verify metadata manually.
kumar2020_controlled_text_generation,Controlled Text Generation as Continuous Optimization with Multiple Constraints,,https://proceedings.neurips.cc/paper/2020/hash/1f71e393b3809197ed66df836fe833e5-Abstract.html,URL,url_stable_no_doi,Open publisher/repository URL; verify metadata manually.
lewis2020_retrieval_augmented_generation,Retrieval-Augmented Generation for Knowledge-Intensive NLP Tasks,,https://proceedings.neurips.cc/paper/2020/hash/6b493230205f780e1bc26945df7481e5-Abstract.html,URL,url_stable_no_doi,Open publisher/repository URL; verify metadata manually.
guu2020_realm_retrieval_augmented,REALM: Retrieval-Augmented Language Model Pre-Training,,https://proceedings.mlr.press/v119/guu20a.html,URL,url_stable_no_doi,Open publisher/repository URL; verify metadata manually.
karpukhin2020_dense_passage_retrieval,Dense Passage Retrieval for Open-Domain Question Answering,10.18653/v1/2020.emnlp-main.550,https://aclanthology.org/2020.emnlp-main.550/,DOI,doi_structurally_verified_from_source,"Run Crossref/Zotero DOI resolver; if mismatch, move to 00_To_Verify."
izacard2021_leveraging_passage_retrieval,Leveraging Passage Retrieval with Generative Models for Open Domain Question Answering,10.18653/v1/2021.eacl-main.74,https://aclanthology.org/2021.eacl-main.74/,DOI,doi_structurally_verified_from_source,"Run Crossref/Zotero DOI resolver; if mismatch, move to 00_To_Verify."
asai2024_self_rag_learning,"Self-RAG: Learning to Retrieve, Generate, and Critique through Self-Reflection",,https://arxiv.org/abs/2310.11511,arXiv,arxiv_stable_no_doi,Open arXiv page; export BibTeX from arXiv or Zotero connector.
gao2024_retrieval_augmented_generation,Retrieval-Augmented Generation for Large Language Models: A Survey,,https://arxiv.org/abs/2312.10997,arXiv,arxiv_stable_no_doi,Open arXiv page; export BibTeX from arXiv or Zotero connector.
edge2024_local_global_graph,From Local to Global: A Graph RAG Approach to Query-Focused Summarization,,https://arxiv.org/abs/2404.16130,arXiv,arxiv_stable_no_doi,Open arXiv page; export BibTeX from arXiv or Zotero connector.
xiong2024_benchmarking_retrieval_augmented,Benchmarking Retrieval-Augmented Generation for Medicine,,https://arxiv.org/abs/2402.13178,arXiv,arxiv_stable_no_doi,Open arXiv page; export BibTeX from arXiv or Zotero connector.
singhal2023_language_encode_clinical,Large Language Models Encode Clinical Knowledge,10.1038/s41586-023-06291-2,https://www.nature.com/articles/s41586-023-06291-2,DOI,doi_structurally_verified_from_source,"Run Crossref/Zotero DOI resolver; if mismatch, move to 00_To_Verify."
singhal2025_expert_level_medical,Toward Expert-Level Medical Question Answering with Large Language Models,10.1038/s41591-025-03483-4,https://www.nature.com/,DOI,doi_structurally_verified_from_source,"Run Crossref/Zotero DOI resolver; if mismatch, move to 00_To_Verify."
jin2019_pubmedqa_biomedical_research,PubMedQA: A Dataset for Biomedical Research Question Answering,10.18653/v1/D19-1259,https://aclanthology.org/D19-1259/,DOI,doi_structurally_verified_from_source,"Run Crossref/Zotero DOI resolver; if mismatch, move to 00_To_Verify."
luo2022_biogpt_generative_pre,BioGPT: Generative Pre-trained Transformer for Biomedical Text Generation and Mining,10.1093/bib/bbac409,https://academic.oup.com/bib/article/23/6/bbac409/6713511,DOI,doi_structurally_verified_from_source,"Run Crossref/Zotero DOI resolver; if mismatch, move to 00_To_Verify."
lee2020_biobert_pre_trained,BioBERT: A Pre-trained Biomedical Language Representation Model for Biomedical Text Mining,10.1093/bioinformatics/btz682,https://academic.oup.com/bioinformatics/article/36/4/1234/5566506,DOI,doi_structurally_verified_from_source,"Run Crossref/Zotero DOI resolver; if mismatch, move to 00_To_Verify."
alsentzer2019_publicly_available_clinical,Publicly Available Clinical BERT Embeddings,10.18653/v1/W19-1909,https://aclanthology.org/W19-1909/,DOI,doi_structurally_verified_from_source,"Run Crossref/Zotero DOI resolver; if mismatch, move to 00_To_Verify."
peng2019_transfer_learning_biomedical,Transfer Learning in Biomedical Natural Language Processing: An Evaluation of BERT and ELMo on Ten Benchmarking Datasets,10.18653/v1/W19-5006,https://aclanthology.org/W19-5006/,DOI,doi_structurally_verified_from_source,"Run Crossref/Zotero DOI resolver; if mismatch, move to 00_To_Verify."
bodenreider2004_unified_medical_language,The Unified Medical Language System (UMLS): Integrating Biomedical Terminology,10.1093/nar/gkh061,https://academic.oup.com/nar/article/32/suppl_1/D267/2505204,DOI,doi_structurally_verified_from_source,"Run Crossref/Zotero DOI resolver; if mismatch, move to 00_To_Verify."
lindberg1993_unified_medical_language,The Unified Medical Language System,10.1055/s-0038-1634945,https://pubmed.ncbi.nlm.nih.gov/8412823/,DOI,doi_present_needs_crossref_check,"Run Crossref/Zotero DOI resolver; if mismatch, move to 00_To_Verify."
zeng2006_exploring_developing_consumer,Exploring and Developing Consumer Health Vocabularies,10.1197/jamia.M1761,https://academic.oup.com/jamia/article/13/1/24/773700,DOI,doi_present_needs_crossref_check,"Run Crossref/Zotero DOI resolver; if mismatch, move to 00_To_Verify."
saggion2017_text_simplification,Automatic Text Simplification,10.2200/S00700ED1V01Y201602HLT032,https://doi.org/10.2200/S00700ED1V01Y201602HLT032,DOI,doi_present_needs_crossref_check,"Run Crossref/Zotero DOI resolver; if mismatch, move to 00_To_Verify."
alvamanchego2020_easse_easier_sentence,EASSE: Easier Automatic Sentence Simplification Evaluation,10.18653/v1/2020.emnlp-demos.9,https://aclanthology.org/2020.emnlp-demos.9/,DOI,doi_structurally_verified_from_source,"Run Crossref/Zotero DOI resolver; if mismatch, move to 00_To_Verify."
xu2016_optimizing_statistical_machine,Optimizing Statistical Machine Translation for Text Simplification,10.1162/tacl_a_00107,https://aclanthology.org/Q16-1029/,DOI,doi_structurally_verified_from_source,"Run Crossref/Zotero DOI resolver; if mismatch, move to 00_To_Verify."
zhang2017_sentence_simplification_deep,Sentence Simplification with Deep Reinforcement Learning,10.18653/v1/D17-1062,https://aclanthology.org/D17-1062/,DOI,doi_structurally_verified_from_source,"Run Crossref/Zotero DOI resolver; if mismatch, move to 00_To_Verify."
nisioi2017_exploring_neural_text,Exploring Neural Text Simplification Models,10.18653/v1/P17-2014,https://aclanthology.org/P17-2014/,DOI,doi_structurally_verified_from_source,"Run Crossref/Zotero DOI resolver; if mismatch, move to 00_To_Verify."
martin2020_muss_multilingual_unsupervised,MUSS: Multilingual Unsupervised Sentence Simplification by Mining Paraphrases,,https://aclanthology.org/2020.lrec-1.577/,ACL Anthology ID,acl_id_stable_no_doi_field,Open ACL page; use BibTeX from ACL Anthology if available.
martin2022_muss_multilingual_simplification,MUSS: Multilingual Simplification by Encoding Simplification Operations,10.1162/tacl_a_00467,https://aclanthology.org/2022.tacl-1.34/,DOI,doi_structurally_verified_from_source,"Run Crossref/Zotero DOI resolver; if mismatch, move to 00_To_Verify."
scarton2018_learning_simplification_specific,Learning Simplifications for Specific Target Audiences,10.18653/v1/P18-1034,https://aclanthology.org/P18-1034/,DOI,doi_structurally_verified_from_source,"Run Crossref/Zotero DOI resolver; if mismatch, move to 00_To_Verify."
maddela2018_word_complexity_lexicon,A Word-Complexity Lexicon and A Neural Readability Ranking Model for Lexical Simplification,10.18653/v1/D18-1410,https://aclanthology.org/D18-1410/,DOI,doi_structurally_verified_from_source,"Run Crossref/Zotero DOI resolver; if mismatch, move to 00_To_Verify."
shardlow2014_text_simplification,A Survey of Automated Text Simplification,,https://thesai.org/Publications/ViewPaper?Volume=4&Issue=1&Code=IJACSA&SerialNo=1,URL,url_stable_no_doi,Open publisher/repository URL; verify metadata manually.
paetzold2017_lexical_simplification,A Survey on Lexical Simplification,10.1613/jair.5526,https://www.jair.org/index.php/jair/article/view/10984,DOI,doi_present_needs_crossref_check,"Run Crossref/Zotero DOI resolver; if mismatch, move to 00_To_Verify."
althanyyan2021_text_simplification,Automated Text Simplification: A Survey,10.1145/3442695,https://doi.org/10.1145/3442695,DOI,doi_structurally_verified_from_source,"Run Crossref/Zotero DOI resolver; if mismatch, move to 00_To_Verify."
siddharthan2014_research_text_simplification,A Survey of Research on Text Simplification,10.1075/itl.165.2.06sid,https://doi.org/10.1075/itl.165.2.06sid,DOI,doi_present_needs_crossref_check,"Run Crossref/Zotero DOI resolver; if mismatch, move to 00_To_Verify."
zhu2010_monolingual_tree_translation,A Monolingual Tree-based Translation Model for Sentence Simplification,,https://aclanthology.org/C10-1152/,ACL Anthology ID,acl_id_stable_no_doi_field,Open ACL page; use BibTeX from ACL Anthology if available.
woodsend2011_learning_simplify_sentences,Learning to Simplify Sentences with Quasi-Synchronous Grammar and Integer Programming,,https://aclanthology.org/D11-1038/,ACL Anthology ID,acl_id_stable_no_doi_field,Open ACL page; use BibTeX from ACL Anthology if available.
narayan2014_hybrid_simplification_deep,Hybrid Simplification using Deep Semantics and Machine Translation,10.3115/v1/P14-1034,https://aclanthology.org/P14-1034/,DOI,doi_present_needs_crossref_check,"Run Crossref/Zotero DOI resolver; if mismatch, move to 00_To_Verify."
wubben2012_sentence_simplification_monolingual,Sentence Simplification by Monolingual Machine Translation,,https://aclanthology.org/P12-1107/,ACL Anthology ID,acl_id_stable_no_doi_field,Open ACL page; use BibTeX from ACL Anthology if available.
coster2011_simple_english_wikipedia,Simple English Wikipedia: A New Text Simplification Task,,https://aclanthology.org/P11-2117/,ACL Anthology ID,acl_id_stable_no_doi_field,Open ACL page; use BibTeX from ACL Anthology if available.
zhang2015_character_level_convolutional,Character-level Convolutional Networks for Text Classification,,https://proceedings.neurips.cc/paper/2015/hash/250cf8b51c773f3f8dc8b4be867a9a02-Abstract.html,URL,url_stable_no_doi,Open publisher/repository URL; verify metadata manually.
zhao2018_integrating_transformer_paraphrase,Integrating Transformer and Paraphrase Rules for Sentence Simplification,10.18653/v1/D18-1355,https://aclanthology.org/D18-1355/,DOI,doi_structurally_verified_from_source,"Run Crossref/Zotero DOI resolver; if mismatch, move to 00_To_Verify."
kriz2019_simplification_paraphrases_context,Simplification Using Paraphrases and Context-based Lexical Substitution,10.18653/v1/N19-1328,https://aclanthology.org/N19-1328/,DOI,doi_structurally_verified_from_source,"Run Crossref/Zotero DOI resolver; if mismatch, move to 00_To_Verify."
lin2004_rouge_package_evaluation,ROUGE: A Package for Automatic Evaluation of Summaries,,https://aclanthology.org/W04-1013/,ACL Anthology ID,acl_id_stable_no_doi_field,Open ACL page; use BibTeX from ACL Anthology if available.
papineni2002_bleu_evaluation_machine,BLEU: A Method for Automatic Evaluation of Machine Translation,10.3115/1073083.1073135,https://aclanthology.org/P02-1040/,DOI,doi_present_needs_crossref_check,"Run Crossref/Zotero DOI resolver; if mismatch, move to 00_To_Verify."
banerjee2005_meteor_metric_mt,METEOR: An Automatic Metric for MT Evaluation with Improved Correlation with Human Judgments,,https://aclanthology.org/W05-0909/,ACL Anthology ID,acl_id_stable_no_doi_field,Open ACL page; use BibTeX from ACL Anthology if available.
zhang2020_bertscore_evaluating_text,BERTScore: Evaluating Text Generation with BERT,,https://openreview.net/forum?id=SkeHuCVFDr,arXiv,arxiv_stable_no_doi,Open arXiv page; export BibTeX from arXiv or Zotero connector.
sellam2020_bleurt_learning_robust,BLEURT: Learning Robust Metrics for Text Generation,10.18653/v1/2020.acl-main.704,https://aclanthology.org/2020.acl-main.704/,DOI,doi_structurally_verified_from_source,"Run Crossref/Zotero DOI resolver; if mismatch, move to 00_To_Verify."
rei2020_comet_neural_framework,COMET: A Neural Framework for MT Evaluation,10.18653/v1/2020.emnlp-main.213,https://aclanthology.org/2020.emnlp-main.213/,DOI,doi_structurally_verified_from_source,"Run Crossref/Zotero DOI resolver; if mismatch, move to 00_To_Verify."
landis1977_measurement_observer_agreement,The Measurement of Observer Agreement for Categorical Data,10.2307/2529310,https://doi.org/10.2307/2529310,DOI,doi_present_needs_crossref_check,"Run Crossref/Zotero DOI resolver; if mismatch, move to 00_To_Verify."
fleiss1971_measuring_nominal_agreement,Measuring Nominal Scale Agreement among Many Raters,10.1037/h0031619,https://doi.org/10.1037/h0031619,DOI,doi_present_needs_crossref_check,"Run Crossref/Zotero DOI resolver; if mismatch, move to 00_To_Verify."
cohen1960_coefficient_agreement_nominal,A Coefficient of Agreement for Nominal Scales,10.1177/001316446002000104,https://doi.org/10.1177/001316446002000104,DOI,doi_present_needs_crossref_check,"Run Crossref/Zotero DOI resolver; if mismatch, move to 00_To_Verify."
krippendorff2011_computing_krippendorff_s,Computing Krippendorff's Alpha-Reliability,,https://repository.upenn.edu/asc_papers/43/,URL,url_stable_no_doi,Open publisher/repository URL; verify metadata manually.
belz2006_comparing_human_evaluation,Comparing Automatic and Human Evaluation of NLG Systems,,https://aclanthology.org/E06-1040/,ACL Anthology ID,acl_id_stable_no_doi_field,Open ACL page; use BibTeX from ACL Anthology if available.
vanderlee2019_best_practices_human,Best Practices for the Human Evaluation of Automatically Generated Text,10.18653/v1/W19-8643,https://aclanthology.org/W19-8643/,DOI,doi_structurally_verified_from_source,"Run Crossref/Zotero DOI resolver; if mismatch, move to 00_To_Verify."
howcroft2020_twenty_years_confusion,Twenty Years of Confusion in Human Evaluation: NLG Needs Evaluation Sheets and Standardised Definitions,10.18653/v1/2020.inlg-1.23,https://aclanthology.org/2020.inlg-1.23/,DOI,doi_structurally_verified_from_source,"Run Crossref/Zotero DOI resolver; if mismatch, move to 00_To_Verify."
flesch1948_readability_yardstick,A New Readability Yardstick,10.1037/h0057532,https://doi.org/10.1037/h0057532,DOI,doi_present_needs_crossref_check,"Run Crossref/Zotero DOI resolver; if mismatch, move to 00_To_Verify."
kincaid1975_derivation_readability_formulas,Derivation of New Readability Formulas for Navy Enlisted Personnel,,https://stars.library.ucf.edu/istlibrary/56/,URL,url_stable_no_doi,Open publisher/repository URL; verify metadata manually.
mclaughlin1969_smog_grading_readability,SMOG Grading: A New Readability Formula,,https://www.jstor.org/stable/40011226,URL,url_stable_no_doi,Open publisher/repository URL; verify metadata manually.
dale1948_formula_predicting_readability,A Formula for Predicting Readability,,https://www.jstor.org/stable/1473169,URL,url_stable_no_doi,Open publisher/repository URL; verify metadata manually.
badarudeen2010_assessing_readability_patient,Assessing Readability of Patient Education Materials: Current Role in Orthopaedics,10.1007/s11999-010-1380-y,https://doi.org/10.1007/s11999-010-1380-y,DOI,doi_present_needs_crossref_check,"Run Crossref/Zotero DOI resolver; if mismatch, move to 00_To_Verify."
weiss2003_health_literacy_manual,Health Literacy: A Manual for Clinicians,,https://www.ama-assn.org/,URL,url_stable_no_doi,Open publisher/repository URL; verify metadata manually.
berkman2011_low_health_literacy,Low Health Literacy and Health Outcomes: An Updated Systematic Review,10.7326/0003-4819-155-2-201107190-00005,https://www.acpjournals.org/doi/10.7326/0003-4819-155-2-201107190-00005,DOI,doi_present_needs_crossref_check,"Run Crossref/Zotero DOI resolver; if mismatch, move to 00_To_Verify."
page2021_prisma_2020_statement,The PRISMA 2020 Statement: An Updated Guideline for Reporting Systematic Reviews,10.1136/bmj.n71,https://www.bmj.com/content/372/bmj.n71,DOI,doi_structurally_verified_from_source,"Run Crossref/Zotero DOI resolver; if mismatch, move to 00_To_Verify."
rethlefsen2021_prisma_s_extension,PRISMA-S: An Extension to the PRISMA Statement for Reporting Literature Searches in Systematic Reviews,10.1186/s13643-020-01542-z,https://systematicreviewsjournal.biomedcentral.com/articles/10.1186/s13643-020-01542-z,DOI,doi_structurally_verified_from_source,"Run Crossref/Zotero DOI resolver; if mismatch, move to 00_To_Verify."
campbell2020_synthesis_without_meta,Synthesis without Meta-analysis (SWiM) in Systematic Reviews: Reporting Guideline,10.1136/bmj.l6890,https://www.bmj.com/content/368/bmj.l6890,DOI,doi_structurally_verified_from_source,"Run Crossref/Zotero DOI resolver; if mismatch, move to 00_To_Verify."
guyatt2008_grade_emerging_consensus,GRADE: An Emerging Consensus on Rating Quality of Evidence and Strength of Recommendations,10.1136/bmj.39489.470347.AD,https://www.bmj.com/content/336/7650/924,DOI,doi_structurally_verified_from_source,"Run Crossref/Zotero DOI resolver; if mismatch, move to 00_To_Verify."
sterne2019_rob_2_revised,RoB 2: A Revised Tool for Assessing Risk of Bias in Randomised Trials,10.1136/bmj.l4898,https://www.bmj.com/content/366/bmj.l4898,DOI,doi_structurally_verified_from_source,"Run Crossref/Zotero DOI resolver; if mismatch, move to 00_To_Verify."
sterne2016_robins_i_tool,ROBINS-I: A Tool for Assessing Risk of Bias in Non-randomised Studies of Interventions,10.1136/bmj.i4919,https://www.bmj.com/content/355/bmj.i4919,DOI,doi_structurally_verified_from_source,"Run Crossref/Zotero DOI resolver; if mismatch, move to 00_To_Verify."
shea2017_amstar_2_critical,"AMSTAR 2: A Critical Appraisal Tool for Systematic Reviews That Include Randomised or Non-randomised Studies of Healthcare Interventions, or Both",10.1136/bmj.j4008,https://www.bmj.com/content/358/bmj.j4008,DOI,doi_structurally_verified_from_source,"Run Crossref/Zotero DOI resolver; if mismatch, move to 00_To_Verify."
cooke2012_beyond_pico_spider,Beyond PICO: The SPIDER Tool for Qualitative Evidence Synthesis,10.1177/1049732312452938,https://doi.org/10.1177/1049732312452938,DOI,doi_present_needs_crossref_check,"Run Crossref/Zotero DOI resolver; if mismatch, move to 00_To_Verify."
thomas2008_thematic_synthesis_qualitative,Methods for the Thematic Synthesis of Qualitative Research in Systematic Reviews,10.1186/1471-2288-8-45,https://bmcmedresmethodol.biomedcentral.com/articles/10.1186/1471-2288-8-45,DOI,doi_structurally_verified_from_source,"Run Crossref/Zotero DOI resolver; if mismatch, move to 00_To_Verify."
haddaway2022_prisma2020_r_package,PRISMA2020: An R Package and Shiny App for Producing PRISMA 2020-compliant Flow Diagrams,10.1002/cl2.1230,https://onlinelibrary.wiley.com/doi/10.1002/cl2.1230,DOI,doi_present_needs_crossref_check,"Run Crossref/Zotero DOI resolver; if mismatch, move to 00_To_Verify."
ouzzani2016_rayyan_web_mobile,Rayyan: A Web and Mobile App for Systematic Reviews,10.1186/s13643-016-0384-4,https://systematicreviewsjournal.biomedcentral.com/articles/10.1186/s13643-016-0384-4,DOI,doi_structurally_verified_from_source,"Run Crossref/Zotero DOI resolver; if mismatch, move to 00_To_Verify."
aria2017_bibliometrix_r_tool,Bibliometrix: An R-tool for Comprehensive Science Mapping Analysis,10.1016/j.joi.2017.08.007,https://www.sciencedirect.com/science/article/pii/S1751157717300500,DOI,doi_structurally_verified_from_source,"Run Crossref/Zotero DOI resolver; if mismatch, move to 00_To_Verify."
vaneck2010_software_vosviewer_computer,"Software Survey: VOSviewer, a Computer Program for Bibliometric Mapping",10.1007/s11192-009-0146-3,https://link.springer.com/article/10.1007/s11192-009-0146-3,DOI,doi_present_needs_crossref_check,"Run Crossref/Zotero DOI resolver; if mismatch, move to 00_To_Verify."
moher2009_preferred_reporting_items,Preferred Reporting Items for Systematic Reviews and Meta-Analyses: The PRISMA Statement,10.1371/journal.pmed.1000097,https://journals.plos.org/plosmedicine/article?id=10.1371/journal.pmed.1000097,DOI,doi_present_needs_crossref_check,"Run Crossref/Zotero DOI resolver; if mismatch, move to 00_To_Verify."
higgins2023_cochrane_handbook_systematic,Cochrane Handbook for Systematic Reviews of Interventions,,https://training.cochrane.org/handbook/current,URL,url_stable_no_doi,Open publisher/repository URL; verify metadata manually.
aromataris2020_jbi_manual_evidence,JBI Manual for Evidence Synthesis,10.46658/JBIMES-20-01,https://synthesismanual.jbi.global,DOI,doi_present_needs_crossref_check,"Run Crossref/Zotero DOI resolver; if mismatch, move to 00_To_Verify."
hong2018_mixed_appraisal_tool,"Mixed Methods Appraisal Tool (MMAT), Version 2018",,http://mixedmethodsappraisaltoolpublic.pbworks.com/,URL,url_stable_no_doi,Open publisher/repository URL; verify metadata manually.
devlin2019_bert_pre_training,BERT: Pre-training of Deep Bidirectional Transformers for Language Understanding,10.18653/v1/N19-1423,https://aclanthology.org/N19-1423/,DOI,doi_structurally_verified_from_source,"Run Crossref/Zotero DOI resolver; if mismatch, move to 00_To_Verify."
raffel2020_exploring_limits_transfer,Exploring the Limits of Transfer Learning with a Unified Text-to-Text Transformer,,https://jmlr.org/papers/v21/20-074.html,URL,url_stable_no_doi,Open publisher/repository URL; verify metadata manually.
lewis2020_bart_denoising_sequence,"BART: Denoising Sequence-to-Sequence Pre-training for Natural Language Generation, Translation, and Comprehension",10.18653/v1/2020.acl-main.703,https://aclanthology.org/2020.acl-main.703/,DOI,doi_structurally_verified_from_source,"Run Crossref/Zotero DOI resolver; if mismatch, move to 00_To_Verify."
xue2021_mt5_massively_multilingual,mT5: A Massively Multilingual Pre-trained Text-to-Text Transformer,10.18653/v1/2021.naacl-main.41,https://aclanthology.org/2021.naacl-main.41/,DOI,doi_structurally_verified_from_source,"Run Crossref/Zotero DOI resolver; if mismatch, move to 00_To_Verify."
liu2020_multilingual_denoising_pre,Multilingual Denoising Pre-training for Neural Machine Translation,10.1162/tacl_a_00343,https://aclanthology.org/2020.tacl-1.47/,DOI,doi_structurally_verified_from_source,"Run Crossref/Zotero DOI resolver; if mismatch, move to 00_To_Verify."
conneau2020_unsupervised_cross_lingual,Unsupervised Cross-lingual Representation Learning at Scale,10.18653/v1/2020.acl-main.747,https://aclanthology.org/2020.acl-main.747/,DOI,doi_structurally_verified_from_source,"Run Crossref/Zotero DOI resolver; if mismatch, move to 00_To_Verify."
pfeiffer2020_mad_x_adapter,MAD-X: An Adapter-Based Framework for Multi-Task Cross-Lingual Transfer,10.18653/v1/2020.emnlp-main.617,https://aclanthology.org/2020.emnlp-main.617/,DOI,doi_structurally_verified_from_source,"Run Crossref/Zotero DOI resolver; if mismatch, move to 00_To_Verify."
houlsby2019_parameter_efficient_transfer,Parameter-Efficient Transfer Learning for NLP,,https://proceedings.mlr.press/v97/houlsby19a.html,URL,url_stable_no_doi,Open publisher/repository URL; verify metadata manually.
hu2022_lora_low_rank,LoRA: Low-Rank Adaptation of Large Language Models,,https://openreview.net/forum?id=nZeVKeeFYf9,arXiv,arxiv_stable_no_doi,Open arXiv page; export BibTeX from arXiv or Zotero connector.
joshi2020_state_fate_linguistic,The State and Fate of Linguistic Diversity and Inclusion in the NLP World,10.18653/v1/2020.acl-main.560,https://aclanthology.org/2020.acl-main.560/,DOI,doi_structurally_verified_from_source,"Run Crossref/Zotero DOI resolver; if mismatch, move to 00_To_Verify."
ruder2019_cross_lingual_word,A Survey of Cross-lingual Word Embedding Models,10.1613/jair.1.11640,https://www.jair.org/index.php/jair/article/view/11640,DOI,doi_present_needs_crossref_check,"Run Crossref/Zotero DOI resolver; if mismatch, move to 00_To_Verify."
lauscher2020_zero_hero_limitations,From Zero to Hero: On the Limitations of Zero-Shot Cross-Lingual Transfer with Multilingual Transformers,10.18653/v1/2020.emnlp-main.363,https://aclanthology.org/2020.emnlp-main.363/,DOI,doi_structurally_verified_from_source,"Run Crossref/Zotero DOI resolver; if mismatch, move to 00_To_Verify."
touvron2023_llama_2_open,Llama 2: Open Foundation and Fine-Tuned Chat Models,,https://arxiv.org/abs/2307.09288,arXiv,arxiv_stable_no_doi,Open arXiv page; export BibTeX from arXiv or Zotero connector.
dubey2024_llama_3_herd,The Llama 3 Herd of Models,,https://arxiv.org/abs/2407.21783,arXiv,arxiv_stable_no_doi,Open arXiv page; export BibTeX from arXiv or Zotero connector.
yang2024_qwen2_5_technical,Qwen2.5 Technical Report,,https://arxiv.org/abs/2412.15115,arXiv,arxiv_stable_no_doi,Open arXiv page; export BibTeX from arXiv or Zotero connector.
team2024_gemma_open_gemini,Gemma: Open Models Based on Gemini Research and Technology,,https://arxiv.org/abs/2403.08295,arXiv,arxiv_stable_no_doi,Open arXiv page; export BibTeX from arXiv or Zotero connector.
team2024_gemma_2_improving,Gemma 2: Improving Open Language Models at a Practical Size,,https://arxiv.org/abs/2408.00118,arXiv,arxiv_stable_no_doi,Open arXiv page; export BibTeX from arXiv or Zotero connector.
jiang2023_mistral_7b,Mistral 7B,,https://arxiv.org/abs/2310.06825,arXiv,arxiv_stable_no_doi,Open arXiv page; export BibTeX from arXiv or Zotero connector.
dettmers2023_qlora_efficient_finetuning,QLoRA: Efficient Finetuning of Quantized LLMs,,https://arxiv.org/abs/2305.14314,arXiv,arxiv_stable_no_doi,Open arXiv page; export BibTeX from arXiv or Zotero connector.
dettmers2022_llm_int8_8,LLM.int8(): 8-bit Matrix Multiplication for Transformers at Scale,,https://arxiv.org/abs/2208.07339,arXiv,arxiv_stable_no_doi,Open arXiv page; export BibTeX from arXiv or Zotero connector.
johnson2016_mimic_iii_freely,"MIMIC-III, A Freely Accessible Critical Care Database",10.1038/sdata.2016.35,https://www.nature.com/articles/sdata201635,DOI,doi_structurally_verified_from_source,"Run Crossref/Zotero DOI resolver; if mismatch, move to 00_To_Verify."
johnson2023_mimic_iv_freely,"MIMIC-IV, A Freely Accessible Electronic Health Record Dataset",10.1038/s41597-022-01899-x,https://www.nature.com/articles/s41597-022-01899-x,DOI,doi_structurally_verified_from_source,"Run Crossref/Zotero DOI resolver; if mismatch, move to 00_To_Verify."
irvin2019_chexpert_chest_radiograph,CheXpert: A Large Chest Radiograph Dataset with Uncertainty Labels and Expert Comparison,10.1609/aaai.v33i01.3301590,https://ojs.aaai.org/index.php/AAAI/article/view/3834,DOI,doi_structurally_verified_from_source,"Run Crossref/Zotero DOI resolver; if mismatch, move to 00_To_Verify."
bustos2020_padchest_chest_x,PadChest: A Large Chest X-Ray Image Dataset with Multi-label Annotated Reports,10.1016/j.media.2020.101797,https://doi.org/10.1016/j.media.2020.101797,DOI,doi_structurally_verified_from_source,"Run Crossref/Zotero DOI resolver; if mismatch, move to 00_To_Verify."
demnerfushman2016_preparing_collection_radiology,Preparing a Collection of Radiology Examinations for Distribution and Retrieval,10.1093/jamia/ocv080,https://academic.oup.com/jamia/article/23/2/304/2379821,DOI,doi_structurally_verified_from_source,"Run Crossref/Zotero DOI resolver; if mismatch, move to 00_To_Verify."
uzuner2011_2010_i2b2_va,"2010 i2b2/VA Challenge on Concepts, Assertions, and Relations in Clinical Text",10.1136/amiajnl-2011-000203,https://academic.oup.com/jamia/article/18/5/552/829599,DOI,doi_structurally_verified_from_source,"Run Crossref/Zotero DOI resolver; if mismatch, move to 00_To_Verify."
uzuner2007_evaluating_state_art,Evaluating the State-of-the-Art in Automatic De-identification,10.1197/jamia.M2444,https://academic.oup.com/jamia/article/14/5/550/790429,DOI,doi_present_needs_crossref_check,"Run Crossref/Zotero DOI resolver; if mismatch, move to 00_To_Verify."
henry2020_2018_n2c2_shared,2018 n2c2 Shared Task on Adverse Drug Events and Medication Extraction in Electronic Health Records,10.1093/jamia/ocz166,https://academic.oup.com/jamia/article/27/1/3/5580141,DOI,doi_structurally_verified_from_source,"Run Crossref/Zotero DOI resolver; if mismatch, move to 00_To_Verify."
soysal2018_clamp_toolkit_efficiently,CLAMP: A Toolkit for Efficiently Building Customized Clinical Natural Language Processing Pipelines,10.1093/jamia/ocx132,https://academic.oup.com/jamia/article/25/3/331/4645808,DOI,doi_structurally_verified_from_source,"Run Crossref/Zotero DOI resolver; if mismatch, move to 00_To_Verify."
savova2010_mayo_clinical_text,"Mayo Clinical Text Analysis and Knowledge Extraction System (cTAKES): Architecture, Component Evaluation and Applications",10.1136/jamia.2009.001560,https://academic.oup.com/jamia/article/17/5/507/830823,DOI,doi_structurally_verified_from_source,"Run Crossref/Zotero DOI resolver; if mismatch, move to 00_To_Verify."
aronson2010_overview_metamap_historical,An Overview of MetaMap: Historical Perspective and Recent Advances,10.1136/jamia.2009.002733,https://academic.oup.com/jamia/article/17/3/229/830689,DOI,doi_structurally_verified_from_source,"Run Crossref/Zotero DOI resolver; if mismatch, move to 00_To_Verify."
luo2022_natural_language_processing,Natural Language Processing for EHR-Based Computational Phenotyping,10.1109/TCBB.2020.3014350,https://doi.org/10.1109/TCBB.2020.3014350,DOI,doi_present_needs_crossref_check,"Run Crossref/Zotero DOI resolver; if mismatch, move to 00_To_Verify."
wang2018_clinical_information_extraction,Clinical Information Extraction Applications: A Literature Review,10.1016/j.jbi.2017.11.011,https://www.sciencedirect.com/science/article/pii/S1532046417302563,DOI,doi_structurally_verified_from_source,"Run Crossref/Zotero DOI resolver; if mismatch, move to 00_To_Verify."
jensen2012_mining_electronic_health,Mining Electronic Health Records: Towards Better Research Applications and Clinical Care,10.1038/nrg3208,https://www.nature.com/articles/nrg3208,DOI,doi_structurally_verified_from_source,"Run Crossref/Zotero DOI resolver; if mismatch, move to 00_To_Verify."
shickel2018_deep_ehr_recent,Deep EHR: A Survey of Recent Advances in Deep Learning Techniques for Electronic Health Record Analysis,10.1109/JBHI.2017.2767063,https://doi.org/10.1109/JBHI.2017.2767063,DOI,doi_present_needs_crossref_check,"Run Crossref/Zotero DOI resolver; if mismatch, move to 00_To_Verify."
wallace2016_extracting_pico_sentences,Extracting PICO Sentences from Clinical Trial Reports Using Supervised Distant Supervision,,https://jmlr.org/papers/v17/15-231.html,URL,url_stable_no_doi,Open publisher/repository URL; verify metadata manually.
marshall2015_automating_risk_bias,Automating Risk of Bias Assessment for Clinical Trials,10.1145/2649387.2649444,https://doi.org/10.1145/2649387.2649444,DOI,doi_structurally_verified_from_source,"Run Crossref/Zotero DOI resolver; if mismatch, move to 00_To_Verify."
lehman2019_inferring_which_medical,Inferring Which Medical Treatments Work from Reports of Clinical Trials,10.18653/v1/N19-1371,https://aclanthology.org/N19-1371/,DOI,doi_structurally_verified_from_source,"Run Crossref/Zotero DOI resolver; if mismatch, move to 00_To_Verify."
wallace2012_deploying_interactive_machine,Deploying an Interactive Machine Learning System in an Evidence-based Practice Center,10.1145/2110363.2110397,https://doi.org/10.1145/2110363.2110397,DOI,doi_structurally_verified_from_source,"Run Crossref/Zotero DOI resolver; if mismatch, move to 00_To_Verify."
mishra2014_text_summarization_biomedical,Text Summarization in the Biomedical Domain: A Systematic Review of Recent Research,10.1016/j.jbi.2014.06.009,https://www.sciencedirect.com/science/article/pii/S1532046414001253,DOI,doi_structurally_verified_from_source,"Run Crossref/Zotero DOI resolver; if mismatch, move to 00_To_Verify."
afantenos2005_summarization_medical_documents,Summarization from Medical Documents: A Survey,10.1016/j.artmed.2004.07.017,https://doi.org/10.1016/j.artmed.2004.07.017,DOI,doi_structurally_verified_from_source,"Run Crossref/Zotero DOI resolver; if mismatch, move to 00_To_Verify."
demnerfushman2007_answering_clinical_questions,Answering Clinical Questions with Knowledge-Based and Statistical Techniques,10.1162/coli.2007.33.1.63,https://aclanthology.org/J07-1003/,DOI,doi_structurally_verified_from_source,"Run Crossref/Zotero DOI resolver; if mismatch, move to 00_To_Verify."
nallapati2016_abstractive_text_summarization,Abstractive Text Summarization Using Sequence-to-Sequence RNNs and Beyond,10.18653/v1/K16-1028,https://aclanthology.org/K16-1028/,DOI,doi_structurally_verified_from_source,"Run Crossref/Zotero DOI resolver; if mismatch, move to 00_To_Verify."
see2017_get_point_summarization,Get To The Point: Summarization with Pointer-Generator Networks,10.18653/v1/P17-1099,https://aclanthology.org/P17-1099/,DOI,doi_structurally_verified_from_source,"Run Crossref/Zotero DOI resolver; if mismatch, move to 00_To_Verify."
narayan2018_don_t_give,"Don't Give Me the Details, Just the Summary! Topic-Aware Convolutional Neural Networks for Extreme Summarization",10.18653/v1/D18-1206,https://aclanthology.org/D18-1206/,DOI,doi_structurally_verified_from_source,"Run Crossref/Zotero DOI resolver; if mismatch, move to 00_To_Verify."
grusky2018_newsroom_1_3,Newsroom: A Dataset of 1.3 Million Summaries with Diverse Extractive Strategies,10.18653/v1/N18-1065,https://aclanthology.org/N18-1065/,DOI,doi_structurally_verified_from_source,"Run Crossref/Zotero DOI resolver; if mismatch, move to 00_To_Verify."
zhang2020_pegasus_pre_training,PEGASUS: Pre-training with Extracted Gap-sentences for Abstractive Summarization,,https://proceedings.mlr.press/v119/zhang20ae.html,arXiv,arxiv_stable_no_doi,Open arXiv page; export BibTeX from arXiv or Zotero connector.
gidiotis2020_divide_conquer_summarization,A Divide-and-Conquer Approach to the Summarization of Long Documents,10.1109/TASLP.2020.2975938,https://doi.org/10.1109/TASLP.2020.2975938,DOI,doi_present_needs_crossref_check,"Run Crossref/Zotero DOI resolver; if mismatch, move to 00_To_Verify."
cohan2018_discourse_aware_attention,A Discourse-Aware Attention Model for Abstractive Summarization of Long Documents,10.18653/v1/N18-2097,https://aclanthology.org/N18-2097/,DOI,doi_structurally_verified_from_source,"Run Crossref/Zotero DOI resolver; if mismatch, move to 00_To_Verify."
sotudeh2019_generating_extended_summaries,On Generating Extended Summaries of Long Documents,10.18653/v1/D19-5520,https://aclanthology.org/D19-5520/,DOI,doi_structurally_verified_from_source,"Run Crossref/Zotero DOI resolver; if mismatch, move to 00_To_Verify."
