ID,CiteKey,Year,Title,Author,Venue,Publisher_Source,Type,Quality_Tier,Screening_Status,Access,DOI,URL,Stable_ID,Collection,Task,Languages,Factuality_Mechanism,Bangla_Relevance,Tags,Why_Selected,Notes
1,horiguchi2025_multimsd_multilingual_medical,2025,MultiMSD: A Corpus for Multilingual Medical Text Simplification from Online Medical References,"Horiguchi, Koki and Kajiwara, Tomoyuki and Ninomiya, Takashi and Wakamiya, Shoko and Aramaki, Eiji",Findings of the Association for Computational Linguistics: ACL 2025,ACL Anthology,C,Q1 / top journal,Selected,Open / stable URL,10.18653/v1/2025.findings-acl.481,https://aclanthology.org/2025.findings-acl.481/,2025.findings-acl.481,01_Core_Clinical_TS,simplification,de;en;es;fr;it;ja;pt;ru;zh,human_eval,transferable,core;dataset;medical-text-simplification;multilingual,Core medical/clinical text simplification evidence.,Analytical corpus v2; preprint-only and weak short proceedings excluded.
2,pavithra2025_bridging_health_literacy,2025,Bridging Health Literacy Gaps in Indian Languages: Multilingual LLMs for Clinical Text Simplification,"Pavithra, R. S.",Proceedings of the Workshop on Scientific Document Understanding for LLMs,ACL Anthology,C,Peer-reviewed; verify quartile,Selected,Open / stable URL,10.18653/v1/2025.sciprodllm-1.1,https://aclanthology.org/2025.sciprodllm-1.1/,2025.sciprodllm-1.1,01_Core_Clinical_TS,simplification,en;hi;ta;te,none,transferable,clinical-text-simplification;core;llm;low-resource;multilingual,Core medical/clinical text simplification evidence.,Analytical corpus v2; preprint-only and weak short proceedings excluded.
3,bakker2024_cochrane_auto_aligned,2024,Cochrane-auto: An Aligned Dataset for the Simplification of Biomedical Abstracts,"Bakker, Jan and Kamps, Jaap","Proceedings of the Third Workshop on Text Simplification, Accessibility and Readability",ACL Anthology,C,Peer-reviewed; verify quartile,Selected,Open / stable URL,10.18653/v1/2024.tsar-1.5,https://aclanthology.org/2024.tsar-1.5/,2024.tsar-1.5,01_Core_Clinical_TS,simplification,en,none,not_applicable,biomedical;core;dataset;readability;synthetic,Core medical/clinical text simplification evidence.,Analytical corpus v2; preprint-only and weak short proceedings excluded.
4,rahman2024_health_text_simplification,2024,Health Text Simplification: An Annotated Corpus for Digestive Cancer Education and Novel Strategies for Reinforcement Learning,"Rahman, Md Mushfiqur and Irbaz, Mohammad Sabik and North, Kai and Williams, Michelle S. and Zampieri, Marcos and Lybarger, Kevin",Journal of Biomedical Informatics,Elsevier / ScienceDirect,J,Q1 / top journal,Selected,Stable URL; access verify,10.1016/j.jbi.2024.104727,https://dl.acm.org/doi/10.1016/j.jbi.2024.104727,39293643,01_Core_Clinical_TS,simplification,en,human_eval,not_applicable,cancer;core;dataset;health-literacy;reinforcement-learning,Core medical/clinical text simplification evidence.,Analytical corpus v2; preprint-only and weak short proceedings excluded.
5,yao2024_readme_bridging_medical,2024,README: Bridging Medical Jargon and Lay Understanding for Patient Education through Data-Centric NLP,"Yao, Zonghai and Kantu, Nandyala Siddharth and Wei, Guanghao and Tran, Hieu and Duan, Zhangqi and Kwon, Sunjae and Yang, Zhichao and Yu, Hong",Findings of the Association for Computational Linguistics: EMNLP 2024,ACL Anthology,C,Q1 / top journal,Selected,Open / stable URL,10.18653/v1/2024.findings-emnlp.737,https://aclanthology.org/2024.findings-emnlp.737/,2024.findings-emnlp.737,01_Core_Clinical_TS,jargon-definition;explanation,en,human_eval,not_applicable,core;dataset;expert-validated;medical-jargon;patient-education,Core medical/clinical text simplification evidence.,Analytical corpus v2; preprint-only and weak short proceedings excluded.
6,basu2023_med_easi_finely,2023,Med-EASi: Finely Annotated Dataset and Models for Controllable Simplification of Medical Texts,"Basu, Chandrayee and Vasu, Rosni and Yasunaga, Michihiro and Yang, Qian",Proceedings of the AAAI Conference on Artificial Intelligence,Other peer-reviewed source,C,A*/A conference,Selected,Open / stable URL,10.1609/aaai.v37i12.26649,https://ojs.aaai.org/index.php/AAAI/article/view/26649,,01_Core_Clinical_TS,simplification,en,human_eval,not_applicable,core;dataset;expert-validated;medical-text-simplification;readability,Core medical/clinical text simplification evidence.,Analytical corpus v2; preprint-only and weak short proceedings excluded.
7,flores2023_medical_text_simplification,2023,Medical Text Simplification: Optimizing for Readability with Unlikelihood Training and Reranked Beam Search Decoding,"Flores, Lorenzo Jaime Yu and Huang, Heyuan and Shi, Kejian and Chheang, Sophie and Cohan, Arman",Findings of the Association for Computational Linguistics: EMNLP 2023,ACL Anthology,C,Q1 / top journal,Selected,Open / stable URL,10.18653/v1/2023.findings-emnlp.322,https://aclanthology.org/2023.findings-emnlp.322/,2023.findings-emnlp.322,01_Core_Clinical_TS,simplification,en,lexical_constraint,not_applicable,constrained-decoding;core;medical-text-simplification;readability,Core medical/clinical text simplification evidence.,Analytical corpus v2; preprint-only and weak short proceedings excluded.
8,joseph2023_multilingual_simplification_medical,2023,Multilingual Simplification of Medical Texts,"Joseph, Sebastian and Kazanas, Kathryn and Reina, Keziah and Ramanathan, Vishnesh J. and Xu, Wei and Wallace, Byron C. and Li, Junyi Jessy",Proceedings of the 2023 Conference on Empirical Methods in Natural Language Processing,ACL Anthology,C,Peer-reviewed; verify quartile,Selected,Open / stable URL,10.18653/v1/2023.emnlp-main.1037,https://aclanthology.org/2023.emnlp-main.1037/,2023.emnlp-main.1037,01_Core_Clinical_TS,simplification,en;es;fr;fa,human_eval,transferable,core;dataset;human-eval;medical-text-simplification;multilingual,Core medical/clinical text simplification evidence.,Analytical corpus v2; preprint-only and weak short proceedings excluded.
9,devaraj2022_evaluating_factuality_text,2022,Evaluating Factuality in Text Simplification,"Devaraj, Ashwin and Sheffield, William and Wallace, Byron C. and Li, Junyi Jessy",Proceedings of the 60th Annual Meeting of the Association for Computational Linguistics (Volume 1: Long Papers),ACL Anthology,C,Q1 / top journal,Selected,Open / stable URL,10.18653/v1/2022.acl-long.506,https://aclanthology.org/2022.acl-long.506/,2022.acl-long.506,01_Core_Clinical_TS,evaluation;simplification,en,human_eval,not_applicable,core;factuality;human-eval;text-simplification,Core medical/clinical text simplification evidence.,Analytical corpus v2; preprint-only and weak short proceedings excluded.
10,moramarco2022_more_patient_friendly,2022,Towards More Patient Friendly Clinical Notes through Language Models and Ontologies,"Moramarco, Francesco and Papadopoulos Korfiatis, Alex and Perera, Shivali and Juric, Damir and Flann, Jacqueline and Reiter, Ehud and Belz, Anya and Portet, François and Hunter, James",AMIA Annual Symposium Proceedings,Other peer-reviewed source,C,Q1/Q2 health informatics,Selected,Open / stable URL,,https://pmc.ncbi.nlm.nih.gov/articles/PMC8861686/,35308976,01_Core_Clinical_TS,simplification,en,ontology,not_applicable,clinical-notes;core;ontology;readability,Core medical/clinical text simplification evidence.,Analytical corpus v2; preprint-only and weak short proceedings excluded.
11,phatak2022_medical_text_simplification,2022,Medical Text Simplification Using Reinforcement Learning (TESLEA): Deep Learning-Based Text Simplification Approach,"Phatak, Atharva and Savage, Daniel W. and Zhang, Xiaomeng and Masthoff, Judith and Lim, Sue and Granmo, Ole-Christoffer and Gow, Andrew J. and Roy, Deb",JMIR Medical Informatics,JMIR,J,Q1/Q2 health informatics,Selected,Open / stable URL,10.2196/38095,https://medinform.jmir.org/2022/11/e38095/,36399375,01_Core_Clinical_TS,simplification,en,metric,not_applicable,core;medical-text-simplification;readability;reinforcement-learning,Core medical/clinical text simplification evidence.,Analytical corpus v2; preprint-only and weak short proceedings excluded.
12,trienes2022_patient_friendly_clinical,2022,Patient-Friendly Clinical Notes: Towards a New Text Simplification Dataset,"Trienes, Jan and Schlötterer, Jörg and Schildhaus, Hans-Ulrich and Seifert, Christin","Proceedings of the Workshop on Text Simplification, Accessibility, and Readability",ACL Anthology,C,Peer-reviewed; verify quartile,Selected,Open / stable URL,10.18653/v1/2022.tsar-1.3,https://aclanthology.org/2022.tsar-1.3/,2022.tsar-1.3,01_Core_Clinical_TS,simplification,de,human_eval,transferable,clinical-notes;core;dataset;german;readability,Core medical/clinical text simplification evidence.,Analytical corpus v2; preprint-only and weak short proceedings excluded.
13,devaraj2021_paragraph_level_simplification,2021,Paragraph-level Simplification of Medical Texts,"Devaraj, Ashwin and Marshall, Iain J. and Wallace, Byron C. and Li, Junyi Jessy",Proceedings of the 2021 Conference of the North American Chapter of the Association for Computational Linguistics: Human Language Technologies,ACL Anthology,C,Q1 / top journal,Selected,Open / stable URL,10.18653/v1/2021.naacl-main.395,https://aclanthology.org/2021.naacl-main.395/,2021.naacl-main.395,01_Core_Clinical_TS,simplification,en,metric,not_applicable,core;medical-text-simplification;readability,Core medical/clinical text simplification evidence.,Analytical corpus v2; preprint-only and weak short proceedings excluded.
14,cardon2020_french_biomedical_text,2020,French Biomedical Text Simplification: When Small and Precise Helps,"Cardon, Rémi and Grabar, Natalia",Journal of Biomedical Semantics,Other peer-reviewed source,J,Peer-reviewed; verify quartile,Selected,Stable URL; access verify,,https://jbiomedsem.biomedcentral.com/,,01_Core_Clinical_TS,simplification,fr,none,transferable,core;french;medical-text-simplification;readability,Core medical/clinical text simplification evidence.,Analytical corpus v2; preprint-only and weak short proceedings excluded.
15,huang2025_hallucination_language_principles,2025,"A Survey on Hallucination in Large Language Models: Principles, Taxonomy, Challenges, and Open Questions","Huang, Lei and Yu, Weijiang and Ma, Weitao and Zhong, Weihong and Feng, Zhangyin and Wang, Haotian and Chen, Qianglong and Peng, Weihua and Feng, Xiaocheng and Qin, Bing and Liu, Ting",ACM Transactions on Information Systems,ACM,J,Q1 / top journal,Selected,Stable URL; access verify,10.1145/3703155,https://doi.org/10.1145/3703155,,04_Factuality_Methods,survey,en,survey,not_applicable,hallucination;llm;survey,Defines or evaluates factuality/faithfulness/hallucination methods transferable to simplification.,Analytical corpus v2; preprint-only and weak short proceedings excluded.
16,chen2024_hallucination_detection_robustly,2024,Hallucination Detection: Robustly Discerning Reliable Answers in Large Language Models,"Chen, Yuyan and Fu, Qiang and Yuan, Yichen and Wen, Zhiwei and Fan, Guoxin and Liu, Dayiheng and Zhang, Dongmei and Li, Zhixu and Xiao, Yanghua",Proceedings of CIKM 2024,ACM,C,Peer-reviewed; verify quartile,Selected,Stable URL; access verify,10.1145/3627673.3679910,https://doi.org/10.1145/3627673.3679910,,04_Factuality_Methods,hallucination-detection,en,classifier,not_applicable,evaluation;hallucination;llm,Defines or evaluates factuality/faithfulness/hallucination methods transferable to simplification.,Analytical corpus v2; preprint-only and weak short proceedings excluded.
17,liu2024_lost_middle_how,2024,Lost in the Middle: How Language Models Use Long Contexts,"Liu, Nelson F. and Lin, Kevin and Hewitt, John and Paranjape, Ashwin and Bevilacqua, Michele and Petroni, Fabio and Liang, Percy",Transactions of the Association for Computational Linguistics,ACL Anthology,J,Q1 / top journal,Selected,Open / stable URL,10.1162/tacl_a_00638,https://aclanthology.org/2024.tacl-1.9/,,04_Factuality_Methods,evaluation,en,context,not_applicable,factuality;llm;long-context,Defines or evaluates factuality/faithfulness/hallucination methods transferable to simplification.,Analytical corpus v2; preprint-only and weak short proceedings excluded.
18,ji2023_hallucination_natural_language,2023,Survey of Hallucination in Natural Language Generation,"Ji, Ziwei and Lee, Nayeon and Frieske, Rita and Yu, Tiezheng and Su, Dan and Xu, Yan and Ishii, Etsuko and Bang, Ye Jin and Madotto, Andrea and Fung, Pascale",ACM Computing Surveys,ACM,J,Q1 / top journal,Selected,Stable URL; access verify,10.1145/3571730,https://doi.org/10.1145/3571730,,04_Factuality_Methods,survey,en,survey,not_applicable,factuality;hallucination;survey,Defines or evaluates factuality/faithfulness/hallucination methods transferable to simplification.,Analytical corpus v2; preprint-only and weak short proceedings excluded.
19,li2023_halueval_hallucination_evaluation,2023,HaluEval: A Large-Scale Hallucination Evaluation Benchmark for Large Language Models,"Li, Junyi and Cheng, Xiaoxue and Zhao, Wayne Xin and Nie, Jian-Yun and Wen, Ji-Rong",Proceedings of the 2023 Conference on Empirical Methods in Natural Language Processing,ACL Anthology,C,Peer-reviewed; verify quartile,Selected,Open / stable URL,10.18653/v1/2023.emnlp-main.397,https://aclanthology.org/2023.emnlp-main.397/,2023.emnlp-main.397,04_Factuality_Methods,evaluation,en,benchmark,not_applicable,benchmark;hallucination;llm,Defines or evaluates factuality/faithfulness/hallucination methods transferable to simplification.,Analytical corpus v2; preprint-only and weak short proceedings excluded.
20,manakul2023_selfcheckgpt_zero_resource,2023,SelfCheckGPT: Zero-Resource Black-Box Hallucination Detection for Generative Large Language Models,"Manakul, Potsawee and Liusie, Adian and Gales, Mark J. F.",Proceedings of the 2023 Conference on Empirical Methods in Natural Language Processing,ACL Anthology,C,Peer-reviewed; verify quartile,Selected,Open / stable URL,10.18653/v1/2023.emnlp-main.557,https://aclanthology.org/2023.emnlp-main.557/,2023.emnlp-main.557,04_Factuality_Methods,hallucination-detection,en,sampling_consistency,not_applicable,factuality;hallucination;llm,Defines or evaluates factuality/faithfulness/hallucination methods transferable to simplification.,Analytical corpus v2; preprint-only and weak short proceedings excluded.
21,min2023_factscore_fine_grained,2023,FActScore: Fine-grained Atomic Evaluation of Factual Precision in Long Form Text Generation,"Min, Sewon and Krishna, Kalpesh and Lyu, Xinxi and Lewis, Mike and Zettlemoyer, Luke and Hajishirzi, Hannaneh",Proceedings of the 2023 Conference on Empirical Methods in Natural Language Processing,ACL Anthology,C,Peer-reviewed; verify quartile,Selected,Open / stable URL,10.18653/v1/2023.emnlp-main.741,https://aclanthology.org/2023.emnlp-main.741/,2023.emnlp-main.741,04_Factuality_Methods,factuality-evaluation,en,atomic_facts,not_applicable,atomic-facts;factuality;long-form-generation,Defines or evaluates factuality/faithfulness/hallucination methods transferable to simplification.,Analytical corpus v2; preprint-only and weak short proceedings excluded.
22,rashkin2023_measuring_attribution_natural,2023,Measuring Attribution in Natural Language Generation Models,"Rashkin, Hannah and Nikolaev, Vitaly and Lamm, Matthew and Aroyo, Lora and Collins, Michael and Das, Dipanjan and Petroni, Fabio and Malaviya, Chaitanya and Lehman, Eric and Fabbri, Alexander and Kryscinski, Wojciech and Nakov, Preslav and Ji, Heng",Computational Linguistics,Other peer-reviewed source,J,Q1 / top journal,Selected,Stable URL; access verify,10.1162/coli_a_00486,https://doi.org/10.1162/coli_a_00486,,04_Factuality_Methods,evaluation,en,attribution,not_applicable,attribution;factuality;nlg,Defines or evaluates factuality/faithfulness/hallucination methods transferable to simplification.,Analytical corpus v2; preprint-only and weak short proceedings excluded.
23,zha2023_alignscore_evaluating_factual,2023,AlignScore: Evaluating Factual Consistency with A Unified Alignment Function,"Zha, Yuheng and Yang, Yichao and Li, Ruohong and Hu, Xia",Proceedings of the 61st Annual Meeting of the Association for Computational Linguistics,ACL Anthology,C,Q1 / top journal,Selected,Open / stable URL,10.18653/v1/2023.acl-long.634,https://aclanthology.org/2023.acl-long.634/,2023.acl-long.634,04_Factuality_Methods,factuality-evaluation,en,alignment,not_applicable,alignment;evaluation;factuality,Defines or evaluates factuality/faithfulness/hallucination methods transferable to simplification.,Analytical corpus v2; preprint-only and weak short proceedings excluded.
24,dziri2022_evaluating_attribution_dialogue,2022,Evaluating Attribution in Dialogue Systems: The BEGIN Benchmark,"Dziri, Nouha and Rashkin, Hannah and Linzen, Tal and Reitter, David",Transactions of the Association for Computational Linguistics,ACL Anthology,J,Q1 / top journal,Selected,Open / stable URL,10.1162/tacl_a_00506,https://aclanthology.org/2022.tacl-1.62/,,04_Factuality_Methods,evaluation,en,attribution,not_applicable,attribution;dialogue;factuality,Defines or evaluates factuality/faithfulness/hallucination methods transferable to simplification.,Analytical corpus v2; preprint-only and weak short proceedings excluded.
25,laban2022_summac_re_visiting,2022,SummaC: Re-Visiting NLI-based Models for Inconsistency Detection in Summarization,"Laban, Philippe and Schnabel, Tobias and Bennett, Paul N. and Hearst, Marti A.",Transactions of the Association for Computational Linguistics,ACL Anthology,J,Q1 / top journal,Selected,Open / stable URL,10.1162/tacl_a_00453,https://aclanthology.org/2022.tacl-1.10/,,04_Factuality_Methods,factuality-evaluation,en,NLI,not_applicable,factuality;nli;summarization,Defines or evaluates factuality/faithfulness/hallucination methods transferable to simplification.,Analytical corpus v2; preprint-only and weak short proceedings excluded.
26,fabbri2021_summeval_re_evaluating,2021,SummEval: Re-evaluating Summarization Evaluation,"Fabbri, Alexander R. and Kryscinski, Wojciech and McCann, Bryan and Xiong, Caiming and Socher, Richard and Radev, Dragomir",Transactions of the Association for Computational Linguistics,ACL Anthology,J,Q1 / top journal,Selected,Open / stable URL,10.1162/tacl_a_00373,https://aclanthology.org/2021.tacl-1.24/,,04_Factuality_Methods,evaluation,en,human_eval,not_applicable,evaluation;factuality;human-eval;summarization,Defines or evaluates factuality/faithfulness/hallucination methods transferable to simplification.,Analytical corpus v2; preprint-only and weak short proceedings excluded.
27,gabriel2021_go_figure_meta,2021,GO FIGURE: A Meta Evaluation of Factuality in Summarization,"Gabriel, Saadia and Celikyilmaz, Asli and Jha, Rahul and Choi, Yejin and Gao, Jianfeng",Findings of the Association for Computational Linguistics: ACL-IJCNLP 2021,ACL Anthology,C,Q1 / top journal,Selected,Open / stable URL,10.18653/v1/2021.findings-acl.58,https://aclanthology.org/2021.findings-acl.58/,2021.findings-acl.58,04_Factuality_Methods,meta-evaluation,en,metric,not_applicable,factuality;metric;summarization,Defines or evaluates factuality/faithfulness/hallucination methods transferable to simplification.,Analytical corpus v2; preprint-only and weak short proceedings excluded.
28,goyal2021_annotating_modeling_fine,2021,Annotating and Modeling Fine-grained Factuality in Summarization,"Goyal, Tanya and Durrett, Greg",Proceedings of the 2021 Conference of the North American Chapter of the Association for Computational Linguistics,ACL Anthology,C,Q1 / top journal,Selected,Open / stable URL,10.18653/v1/2021.naacl-main.114,https://aclanthology.org/2021.naacl-main.114/,2021.naacl-main.114,04_Factuality_Methods,factuality-evaluation,en,human_eval,not_applicable,factuality;fine-grained;human-eval;summarization,Defines or evaluates factuality/faithfulness/hallucination methods transferable to simplification.,Analytical corpus v2; preprint-only and weak short proceedings excluded.
29,pagnoni2021_understanding_factuality_abstractive,2021,Understanding Factuality in Abstractive Summarization with FRANK: A Benchmark for Factuality Metrics,"Pagnoni, Artidoro and Balachandran, Vidhisha and Tsvetkov, Yulia",Transactions of the Association for Computational Linguistics,ACL Anthology,J,Q1 / top journal,Selected,Open / stable URL,10.1162/tacl_a_00368,https://aclanthology.org/2021.tacl-1.28/,,04_Factuality_Methods,factuality-evaluation,en,human_eval,not_applicable,benchmark;factuality;human-eval;summarization,Defines or evaluates factuality/faithfulness/hallucination methods transferable to simplification.,Analytical corpus v2; preprint-only and weak short proceedings excluded.
30,scialom2021_questeval_summarization_asks,2021,QuestEval: Summarization Asks for Fact-based Evaluation,"Scialom, Thomas and Dray, Paul-Alexis and Lamprier, Sylvain and Piwowarski, Benjamin and Staiano, Jacopo",Proceedings of the 2021 Conference on Empirical Methods in Natural Language Processing,ACL Anthology,C,Peer-reviewed; verify quartile,Selected,Open / stable URL,10.18653/v1/2021.emnlp-main.529,https://aclanthology.org/2021.emnlp-main.529/,2021.emnlp-main.529,04_Factuality_Methods,evaluation,en,QA,not_applicable,evaluation;factuality;qa,Defines or evaluates factuality/faithfulness/hallucination methods transferable to simplification.,Analytical corpus v2; preprint-only and weak short proceedings excluded.
31,durmus2020_feqa_question_answering,2020,FEQA: A Question Answering Evaluation Framework for Faithfulness Assessment in Abstractive Summarization,"Durmus, Esin and He, He and Diab, Mona",Proceedings of the 58th Annual Meeting of the Association for Computational Linguistics,ACL Anthology,C,Q1 / top journal,Selected,Open / stable URL,10.18653/v1/2020.acl-main.454,https://aclanthology.org/2020.acl-main.454/,2020.acl-main.454,04_Factuality_Methods,factuality-evaluation,en,QA,not_applicable,factuality;qa;summarization,Defines or evaluates factuality/faithfulness/hallucination methods transferable to simplification.,Analytical corpus v2; preprint-only and weak short proceedings excluded.
32,koto2020_ffci_framework_interpretable,2020,FFCI: A Framework for Interpretable Automatic Evaluation of Summarization,"Koto, Fajri and Lau, Jey Han and Baldwin, Timothy",Proceedings of COLING 2020,ACL Anthology,C,A*/A conference,Selected,Open / stable URL,,https://aclanthology.org/2020.coling-main.251/,2020.coling-main.251,04_Factuality_Methods,evaluation,en,metric,not_applicable,evaluation;factuality;summarization,Defines or evaluates factuality/faithfulness/hallucination methods transferable to simplification.,Analytical corpus v2; preprint-only and weak short proceedings excluded.
33,kryscinski2020_evaluating_factual_consistency,2020,Evaluating the Factual Consistency of Abstractive Text Summarization,"Kryscinski, Wojciech and McCann, Bryan and Xiong, Caiming and Socher, Richard",Proceedings of the 2020 Conference on Empirical Methods in Natural Language Processing,ACL Anthology,C,Peer-reviewed; verify quartile,Selected,Open / stable URL,10.18653/v1/2020.emnlp-main.750,https://aclanthology.org/2020.emnlp-main.750/,2020.emnlp-main.750,04_Factuality_Methods,factuality-evaluation,en,classifier,not_applicable,FactCC;factuality;summarization,Defines or evaluates factuality/faithfulness/hallucination methods transferable to simplification.,Analytical corpus v2; preprint-only and weak short proceedings excluded.
34,maynez2020_faithfulness_factuality_abstractive,2020,On Faithfulness and Factuality in Abstractive Summarization,"Maynez, Joshua and Narayan, Shashi and Bohnet, Bernd and McDonald, Ryan",Proceedings of the 58th Annual Meeting of the Association for Computational Linguistics,ACL Anthology,C,Q1 / top journal,Selected,Open / stable URL,10.18653/v1/2020.acl-main.173,https://aclanthology.org/2020.acl-main.173/,2020.acl-main.173,04_Factuality_Methods,factuality-evaluation;summarization,en,human_eval,not_applicable,factuality;hallucination;human-eval;summarization,Defines or evaluates factuality/faithfulness/hallucination methods transferable to simplification.,Analytical corpus v2; preprint-only and weak short proceedings excluded.
35,wang2020_asking_answering_questions,2020,Asking and Answering Questions to Evaluate the Factual Consistency of Summaries,"Wang, Alex and Cho, Kyunghyun and Lewis, Mike",Proceedings of the 58th Annual Meeting of the Association for Computational Linguistics,ACL Anthology,C,Q1 / top journal,Selected,Open / stable URL,10.18653/v1/2020.acl-main.450,https://aclanthology.org/2020.acl-main.450/,2020.acl-main.450,04_Factuality_Methods,factuality-evaluation,en,QA,not_applicable,factuality;qa;summarization,Defines or evaluates factuality/faithfulness/hallucination methods transferable to simplification.,Analytical corpus v2; preprint-only and weak short proceedings excluded.
36,oul2025_turkmednli_turkish_medical,2025,TurkMedNLI: A Turkish Medical Natural Language Inference Dataset,"Oğul, İbrahim Ümit and Eryiğit, Gülşen and Özgür, Arzucan",Scientific Data,Nature Portfolio,J,Q1 / top journal,Selected,Open / stable URL,10.1038/s41597-025-04689-3,https://pmc.ncbi.nlm.nih.gov/articles/PMC11888880/,,07_Medical_NLI,NLI,tr,NLI,transferable,dataset;low-resource;medical-nli,Supports entailment/NLI factuality gate design for clinical/medical text.,Analytical corpus v2; preprint-only and weak short proceedings excluded.
37,aggarwal2022_indicxnli_evaluating_multilingual,2022,IndicXNLI: Evaluating Multilingual Inference for Indian Languages,"Aggarwal, Divyanshu and Gupta, Vivek and Kunchukuttan, Anoop and Ekbal, Asif",Proceedings of the 2022 Conference on Empirical Methods in Natural Language Processing,ACL Anthology,C,Peer-reviewed; verify quartile,Selected,Open / stable URL,10.18653/v1/2022.emnlp-main.755,https://aclanthology.org/2022.emnlp-main.755/,2022.emnlp-main.755,07_Medical_NLI,NLI,bn;hi;ta;te;ml;mr;gu;kn;pa;or;as,NLI,direct,bangla;benchmark;indic;nli,Supports entailment/NLI factuality gate design for clinical/medical text.,Analytical corpus v2; preprint-only and weak short proceedings excluded.
38,saakyan2021_covid_fact_fact,2021,COVID-Fact: Fact Extraction and Verification of Real-World Claims on COVID-19 Pandemic,"Saakyan, Arkadiy and Chakrabarty, Tuhin and Muresan, Smaranda",Proceedings of the 59th Annual Meeting of the Association for Computational Linguistics,ACL Anthology,C,Q1 / top journal,Selected,Open / stable URL,10.18653/v1/2021.acl-long.165,https://aclanthology.org/2021.acl-long.165/,2021.acl-long.165,07_Medical_NLI,fact-verification,en,retrieval_nli,not_applicable,biomedical;covid;fact-checking,Supports entailment/NLI factuality gate design for clinical/medical text.,Analytical corpus v2; preprint-only and weak short proceedings excluded.
39,schuster2021_get_your_vitamin,2021,Get Your Vitamin C! Robust Fact Verification with Contrastive Evidence,"Schuster, Tal and Fisch, Adam and Barzilay, Regina",Proceedings of the 2021 Conference of the North American Chapter of the Association for Computational Linguistics,ACL Anthology,C,Q1 / top journal,Selected,Open / stable URL,10.18653/v1/2021.naacl-main.52,https://aclanthology.org/2021.naacl-main.52/,2021.naacl-main.52,07_Medical_NLI,fact-verification,en,retrieval_nli,not_applicable,fact-checking;robustness,Supports entailment/NLI factuality gate design for clinical/medical text.,Analytical corpus v2; preprint-only and weak short proceedings excluded.
40,kotonya2020_explainable_fact_checking,2020,Explainable Automated Fact-Checking for Public Health Claims,"Kotonya, Neema and Toni, Francesca",Proceedings of the 2020 Conference on Empirical Methods in Natural Language Processing,ACL Anthology,C,Peer-reviewed; verify quartile,Selected,Open / stable URL,10.18653/v1/2020.emnlp-main.623,https://aclanthology.org/2020.emnlp-main.623/,2020.emnlp-main.623,07_Medical_NLI,fact-verification,en,retrieval_nli,not_applicable,explainability;fact-checking;health,Supports entailment/NLI factuality gate design for clinical/medical text.,Analytical corpus v2; preprint-only and weak short proceedings excluded.
41,wadden2020_fact_or_fiction,2020,Fact or Fiction: Verifying Scientific Claims,"Wadden, David and Lin, Shanchuan and Lo, Kyle and Wang, Lucy Lu and van Zuylen, Madeleine and Cohan, Arman and Hajishirzi, Hannaneh",Proceedings of the 2020 Conference on Empirical Methods in Natural Language Processing,ACL Anthology,C,Peer-reviewed; verify quartile,Selected,Open / stable URL,10.18653/v1/2020.emnlp-main.609,https://aclanthology.org/2020.emnlp-main.609/,2020.emnlp-main.609,07_Medical_NLI,fact-verification,en,retrieval_nli,not_applicable,SciFact;fact-checking;scientific,Supports entailment/NLI factuality gate design for clinical/medical text.,Analytical corpus v2; preprint-only and weak short proceedings excluded.
42,aziz2025_banglahealth_bengali_paraphrase,2025,BanglaHealth: A Bengali Paraphrase Dataset on Health Domain,"Aziz, Faisal Ibn and Islam, Muhammad Nazrul",Data in Brief,Elsevier / ScienceDirect,J,Peer-reviewed; verify quartile,Selected,Stable URL; access verify,10.1016/j.dib.2025.111699,https://www.sciencedirect.com/science/article/pii/S2352340925004299,,03_Adjacent_Bangla_NLP,paraphrase,bn,none,direct,bangla;dataset;health;paraphrase;synthetic,Direct Bangla or Indic-resource evidence for low-resource transfer.,Analytical corpus v2; preprint-only and weak short proceedings excluded.
43,mahtab2025_benchmark_context_driven,2025,A Benchmark Dataset and Context-Driven Approach for Bangla Named Entity Recognition,"Mahtab, Md Mominul and Karim, Md Rezaul and Shahriyar, Rifat",Findings of the Association for Computational Linguistics: NAACL 2025,ACL Anthology,C,Q1 / top journal,Selected,Open / stable URL,10.18653/v1/2025.findings-naacl.380,https://aclanthology.org/2025.findings-naacl.380/,2025.findings-naacl.380,03_Adjacent_Bangla_NLP,NER,bn,entity_preservation,direct,bangla;benchmark;dataset;ner,Direct Bangla or Indic-resource evidence for low-resource transfer.,Analytical corpus v2; preprint-only and weak short proceedings excluded.
44,das2024_banglat5_banglabert0_pretrained,2024,BanglaT5 and BanglaBERT0: Large Pretrained Language Models for Bangla,"Das, Dipto and Bhattacharjee, Abhik and Shahriyar, Rifat",Proceedings of LREC-COLING 2024,ACL Anthology,C,A*/A conference,Selected,Open / stable URL,,https://aclanthology.org/2024.lrec-main/,,03_Adjacent_Bangla_NLP,pretraining,bn,none,direct,bangla;language-model;low-resource;t5,Direct Bangla or Indic-resource evidence for low-resource transfer.,Analytical corpus v2; preprint-only and weak short proceedings excluded.
45,khan2023_banglachq_summ_abstractive,2023,BanglaCHQ-Summ: An Abstractive Summarization Dataset for Medical Queries in Bangla Conversational Speech,"Khan, Alvi and Kamal, Fida and Chowdhury, Mohammad Abrar and Ahmed, Tasnim and Laskar, Md Tahmid Rahman and Ahmed, Sabbir",Proceedings of the First Workshop on Bangla Language Processing,ACL Anthology,C,Peer-reviewed; verify quartile,Selected,Open / stable URL,10.18653/v1/2023.banglalp-1.10,https://aclanthology.org/2023.banglalp-1.10/,2023.banglalp-1.10,03_Adjacent_Bangla_NLP,summarization,bn,human_eval,direct,bangla;dataset;medical-queries;summarization,Direct Bangla or Indic-resource evidence for low-resource transfer.,Analytical corpus v2; preprint-only and weak short proceedings excluded.
46,khan2023_nervous_about_my,2023,NERvous About My Health: Constructing a Bengali Medical Named Entity Recognition Dataset,"Khan, Alvi and Kamal, Fida and Chowdhury, Mohammad Abrar and Ahmed, Tasnim and Laskar, Md Tahmid Rahman and Ahmed, Sabbir",Findings of the Association for Computational Linguistics: EMNLP 2023,ACL Anthology,C,Q1 / top journal,Selected,Open / stable URL,10.18653/v1/2023.findings-emnlp.383,https://aclanthology.org/2023.findings-emnlp.383/,2023.findings-emnlp.383,03_Adjacent_Bangla_NLP,NER,bn,entity_preservation,direct,bangla;dataset;expert-validated;health;ner,Direct Bangla or Indic-resource evidence for low-resource transfer.,Analytical corpus v2; preprint-only and weak short proceedings excluded.
47,bhattacharjee2022_banglabert_language_pretraining,2022,BanglaBERT: Language Model Pretraining and Benchmarks for Low-Resource Language Understanding Evaluation in Bangla,"Bhattacharjee, Abhik and Hasan, Tahmid and Ahmad, Wasi Uddin and Samin, Kazi and Islam, Md Saiful and Iqbal, Anindya and Rahman, M. Sohel and Shahriyar, Rifat",Findings of the Association for Computational Linguistics: NAACL 2022,ACL Anthology,C,Q1 / top journal,Selected,Open / stable URL,10.18653/v1/2022.findings-naacl.98,https://aclanthology.org/2022.findings-naacl.98/,2022.findings-naacl.98,03_Adjacent_Bangla_NLP,pretraining;benchmark,bn,none,direct,bangla;benchmark;language-model;low-resource,Direct Bangla or Indic-resource evidence for low-resource transfer.,Analytical corpus v2; preprint-only and weak short proceedings excluded.
48,ramesh2022_samanantar_largest_publicly,2022,Samanantar: The Largest Publicly Available Parallel Corpora Collection for 11 Indic Languages,"Ramesh, Gowtham and Doddapaneni, Sumanth and Bheemaraj, Aravinth and Jobanputra, Mayank and Ak, Raghavan and Sharma, Ajitesh and Sahoo, Sujit and Diddee, Harshita and J, Mahalakshmi and Kakwani, Divyanshu and Kumar, Navneet and Pradeep, Aswin and Nagaraj, Srihari and Deepak, Kumar and Kunchukuttan, Anoop and Khapra, Mitesh M. and Goyal, Pratyush",Transactions of the Association for Computational Linguistics,ACL Anthology,J,Q1 / top journal,Selected,Open / stable URL,10.1162/tacl_a_00452,https://aclanthology.org/2022.tacl-1.9/,,03_Adjacent_Bangla_NLP,MT,bn;hi;ta;te;ml;mr;gu;kn;pa;or;as;en,none,direct,bangla;dataset;indic;machine-translation,Direct Bangla or Indic-resource evidence for low-resource transfer.,Analytical corpus v2; preprint-only and weak short proceedings excluded.
49,dabre2020_multilingual_neural_machine,2020,A Survey of Multilingual Neural Machine Translation,"Dabre, Raj and Chu, Chenhui and Kunchukuttan, Anoop",ACM Computing Surveys,ACM,J,Q1 / top journal,Selected,Stable URL; access verify,10.1145/3406095,https://doi.org/10.1145/3406095,,03_Adjacent_Bangla_NLP,MT;survey,multilingual,none,transferable,low-resource;machine-translation;multilingual;survey,Direct Bangla or Indic-resource evidence for low-resource transfer.,Analytical corpus v2; preprint-only and weak short proceedings excluded.
50,hasan2020_not_low_resource,2020,"Not Low-Resource Anymore: Aligner Ensembling, Batch Filtering, and New Datasets for Bengali-English Machine Translation","Hasan, Tahmid and Bhattacharjee, Abhik and Samin, Kazi and Hasan, Masum and Basak, Madhusudan and Rahman, M. Sohel and Shahriyar, Rifat",Proceedings of EMNLP 2020,ACL Anthology,C,A*/A conference,Selected,Open / stable URL,10.18653/v1/2020.emnlp-main.207,https://aclanthology.org/2020.emnlp-main.207/,2020.emnlp-main.207,03_Adjacent_Bangla_NLP,MT,bn;en,none,direct,bangla;dataset;machine-translation,Direct Bangla or Indic-resource evidence for low-resource transfer.,Analytical corpus v2; preprint-only and weak short proceedings excluded.
51,kakwani2020_indicnlpsuite_monolingual_corpora,2020,"IndicNLPSuite: Monolingual Corpora, Evaluation Benchmarks and Pre-trained Multilingual Language Models for Indian Languages","Kakwani, Divyanshu and Kunchukuttan, Anoop and Golla, Satish and Gokul, N.C. and Bhattacharyya, Avik and Khapra, Mitesh M. and Kumar, Pratyush",Findings of the Association for Computational Linguistics: EMNLP 2020,ACL Anthology,C,Q1 / top journal,Selected,Open / stable URL,10.18653/v1/2020.findings-emnlp.445,https://aclanthology.org/2020.findings-emnlp.445/,2020.findings-emnlp.445,03_Adjacent_Bangla_NLP,pretraining;benchmark,bn;hi;ta;te;ml;mr;gu;kn;pa;or;as,none,direct,bangla;indic;language-model;low-resource,Direct Bangla or Indic-resource evidence for low-resource transfer.,Analytical corpus v2; preprint-only and weak short proceedings excluded.
52,martin2022_muss_multilingual_simplification,2022,MUSS: Multilingual Simplification by Encoding Simplification Operations,"Martin, Louis and Fan, Angela and Gardent, Claire and de la Clergerie, Éric Villemonte and Bordes, Antoine and Sagot, Benoît",Transactions of the Association for Computational Linguistics,ACL Anthology,J,Q1 / top journal,Selected,Open / stable URL,10.1162/tacl_a_00467,https://aclanthology.org/2022.tacl-1.34/,,02_Adjacent_Multilingual_TS,simplification,en;fr;es,none,transferable,multilingual;text-simplification,Multilingual simplification method transferable to Bangla.,Analytical corpus v2; preprint-only and weak short proceedings excluded.
53,althanyyan2021_text_simplification,2021,Automated Text Simplification: A Survey,"Al-Thanyyan, Suha S. and Azmi, Aqil M.",ACM Computing Surveys,ACM,J,Q1 / top journal,Selected,Stable URL; access verify,10.1145/3442695,https://doi.org/10.1145/3442695,,02_Adjacent_Multilingual_TS,survey,en,none,not_applicable,survey;text-simplification,Multilingual simplification method transferable to Bangla.,Analytical corpus v2; preprint-only and weak short proceedings excluded.
54,alvamanchego2020_easse_easier_sentence,2020,EASSE: Easier Automatic Sentence Simplification Evaluation,"Alva-Manchego, Fernando and Martin, Louis and Scarton, Carolina and Specia, Lucia",Proceedings of the 2020 Conference on Empirical Methods in Natural Language Processing: System Demonstrations,ACL Anthology,C,Peer-reviewed; verify quartile,Selected,Open / stable URL,10.18653/v1/2020.emnlp-demos.9,https://aclanthology.org/2020.emnlp-demos.9/,2020.emnlp-demos.9,02_Adjacent_Multilingual_TS,evaluation,en,none,not_applicable,SARI;evaluation;text-simplification,Multilingual simplification method transferable to Bangla.,Analytical corpus v2; preprint-only and weak short proceedings excluded.
55,martin2020_muss_multilingual_unsupervised,2020,MUSS: Multilingual Unsupervised Sentence Simplification by Mining Paraphrases,"Martin, Louis and Fan, Angela and de la Clergerie, Éric Villemonte and Bordes, Antoine and Sagot, Benoît",Proceedings of the 12th Language Resources and Evaluation Conference,ACL Anthology,C,Peer-reviewed; verify quartile,Selected,Open / stable URL,,https://aclanthology.org/2020.lrec-1.577/,2020.lrec-1.577,02_Adjacent_Multilingual_TS,simplification,en;fr;es,none,transferable,multilingual;text-simplification;unsupervised,Multilingual simplification method transferable to Bangla.,Analytical corpus v2; preprint-only and weak short proceedings excluded.
56,singhal2025_expert_level_medical,2025,Toward Expert-Level Medical Question Answering with Large Language Models,"Singhal, Karan and Tu, Tao and Gottweis, Juraj and Sayres, Rory and Wulczyn, Ellery and Amin, Mohamed and Hou, Le and Clark, Kevin and Pfohl, Stephen and Cole-Lewis, Heather and Neal, Darlene and Schaekermann, Mike and Wang, Amy and others",Nature Medicine,Nature Portfolio,J,Q1 / top journal,Selected,Stable URL; access verify,10.1038/s41591-025-03483-4,https://www.nature.com/,,06_RAG_KG_Medical,medical-QA,en,human_eval,not_applicable,evaluation;medical-llm;qa,Retrieval/knowledge-grounding method relevant to factuality preservation.,Analytical corpus v2; preprint-only and weak short proceedings excluded.
57,asai2024_self_rag_learning,2024,"Self-RAG: Learning to Retrieve, Generate, and Critique through Self-Reflection","Asai, Akari and Wu, Zeqiu and Wang, Yizhong and Sil, Avirup and Hajishirzi, Hannaneh",International Conference on Learning Representations,Other peer-reviewed source,C,Peer-reviewed; verify quartile,Selected,Stable URL; access verify,,https://arxiv.org/abs/2310.11511,2310.11511,06_RAG_KG_Medical,RAG,en,retrieval_grounding,not_applicable,llm;rag;self-reflection,Retrieval/knowledge-grounding method relevant to factuality preservation.,Analytical corpus v2; preprint-only and weak short proceedings excluded.
58,singhal2023_language_encode_clinical,2023,Large Language Models Encode Clinical Knowledge,"Singhal, Karan and Azizi, Shekoofeh and Tu, Tao and Mahdavi, S. Sara and Wei, Jason and Chung, Hyung Won and Scales, Nathan and Tanwani, Ajay and Cole-Lewis, Heather and Pfohl, Stephen and Payne, Perry and Seneviratne, Manali and Gamble, Paul and Kelly, Chris and Babiker, Adel and Schärli, Nathanael and Chowdhery, Aakanksha and Mansfield, Philip and Demner-Fushman, Dina and Agüera y Arcas, Blaise and Webster, Dale and Corrado, Greg S. and Matias, Yossi and Chou, Katherine and Gottweis, Juraj and Tomasev, Nenad and Liu, Yun",Nature,Nature Portfolio,J,Q1 / top journal,Selected,Open / stable URL,10.1038/s41586-023-06291-2,https://www.nature.com/articles/s41586-023-06291-2,,06_RAG_KG_Medical,medical-QA,en,human_eval,not_applicable,clinical-knowledge;medical-llm;qa,Retrieval/knowledge-grounding method relevant to factuality preservation.,Analytical corpus v2; preprint-only and weak short proceedings excluded.
59,luo2022_biogpt_generative_pre,2022,BioGPT: Generative Pre-trained Transformer for Biomedical Text Generation and Mining,"Luo, Renqian and Sun, Luyang and Xia, Yingce and Qin, Tao and Zhang, Sheng and Poon, Hoifung and Liu, Tie-Yan",Briefings in Bioinformatics,Other peer-reviewed source,J,Q1 / top journal,Selected,Stable URL; access verify,10.1093/bib/bbac409,https://academic.oup.com/bib/article/23/6/bbac409/6713511,,06_RAG_KG_Medical,generation,en,none,not_applicable,biomedical;generation;language-model,Retrieval/knowledge-grounding method relevant to factuality preservation.,Analytical corpus v2; preprint-only and weak short proceedings excluded.
60,izacard2021_leveraging_passage_retrieval,2021,Leveraging Passage Retrieval with Generative Models for Open Domain Question Answering,"Izacard, Gautier and Grave, Edouard",Proceedings of EACL 2021,ACL Anthology,C,A*/A conference,Selected,Open / stable URL,10.18653/v1/2021.eacl-main.74,https://aclanthology.org/2021.eacl-main.74/,2021.eacl-main.74,06_RAG_KG_Medical,RAG;QA,en,retrieval_grounding,not_applicable,FiD;rag;retrieval,Retrieval/knowledge-grounding method relevant to factuality preservation.,Analytical corpus v2; preprint-only and weak short proceedings excluded.
61,guu2020_realm_retrieval_augmented,2020,REALM: Retrieval-Augmented Language Model Pre-Training,"Guu, Kelvin and Lee, Kenton and Tung, Zora and Pasupat, Panupong and Chang, Ming-Wei",Proceedings of the 37th International Conference on Machine Learning,Other peer-reviewed source,C,Peer-reviewed; verify quartile,Selected,Stable URL; access verify,,https://proceedings.mlr.press/v119/guu20a.html,,06_RAG_KG_Medical,RAG,en,retrieval_grounding,not_applicable,pretraining;rag;retrieval,Retrieval/knowledge-grounding method relevant to factuality preservation.,Analytical corpus v2; preprint-only and weak short proceedings excluded.
62,karpukhin2020_dense_passage_retrieval,2020,Dense Passage Retrieval for Open-Domain Question Answering,"Karpukhin, Vladimir and Oguz, Barlas and Min, Sewon and Lewis, Patrick and Wu, Ledell and Edunov, Sergey and Chen, Danqi and Yih, Wen-tau",Proceedings of the 2020 Conference on Empirical Methods in Natural Language Processing,ACL Anthology,C,Peer-reviewed; verify quartile,Selected,Open / stable URL,10.18653/v1/2020.emnlp-main.550,https://aclanthology.org/2020.emnlp-main.550/,2020.emnlp-main.550,06_RAG_KG_Medical,retrieval;QA,en,retrieval_grounding,not_applicable,rag;retrieval,Retrieval/knowledge-grounding method relevant to factuality preservation.,Analytical corpus v2; preprint-only and weak short proceedings excluded.
63,lee2020_biobert_pre_trained,2020,BioBERT: A Pre-trained Biomedical Language Representation Model for Biomedical Text Mining,"Lee, Jinhyuk and Yoon, Wonjin and Kim, Sungdong and Kim, Donghyeon and Kim, Sunkyu and So, Chan Ho and Kang, Jaewoo",Bioinformatics,Other peer-reviewed source,J,Q1 / top journal,Selected,Stable URL; access verify,10.1093/bioinformatics/btz682,https://academic.oup.com/bioinformatics/article/36/4/1234/5566506,,06_RAG_KG_Medical,pretraining,en,none,not_applicable,BERT;biomedical;language-model,Retrieval/knowledge-grounding method relevant to factuality preservation.,Analytical corpus v2; preprint-only and weak short proceedings excluded.
64,lewis2020_retrieval_augmented_generation,2020,Retrieval-Augmented Generation for Knowledge-Intensive NLP Tasks,"Lewis, Patrick and Perez, Ethan and Piktus, Aleksandra and Petroni, Fabio and Karpukhin, Vladimir and Goyal, Naman and Küttler, Heinrich and Lewis, Mike and Yih, Wen-tau and Rocktäschel, Tim and Riedel, Sebastian and Kiela, Douwe",Advances in Neural Information Processing Systems,Other peer-reviewed source,C,Peer-reviewed; verify quartile,Selected,Stable URL; access verify,,https://proceedings.neurips.cc/paper/2020/hash/6b493230205f780e1bc26945df7481e5-Abstract.html,,06_RAG_KG_Medical,RAG,en,retrieval_grounding,not_applicable,generation;rag;retrieval,Retrieval/knowledge-grounding method relevant to factuality preservation.,Analytical corpus v2; preprint-only and weak short proceedings excluded.
65,zetsu2024_edit_constrained_decoding,2024,Edit-Constrained Decoding for Sentence Simplification,"Zetsu, Masaru and Kajiwara, Tomoyuki and Komachi, Mamoru",Findings of the Association for Computational Linguistics: EMNLP 2024,ACL Anthology,C,Q1 / top journal,Selected,Open / stable URL,10.18653/v1/2024.findings-emnlp.419,https://aclanthology.org/2024.findings-emnlp.419/,2024.findings-emnlp.419,05_Constrained_Decoding,decoding;simplification,en;ja,lexical_constraint,not_applicable,constrained-decoding;lexical;text-simplification,Constrained/control decoding method relevant to factuality-safe generation.,Analytical corpus v2; preprint-only and weak short proceedings excluded.
66,krause2021_gedi_generative_discriminator,2021,GeDi: Generative Discriminator Guided Sequence Generation,"Krause, Ben and Gotmare, Akhilesh Deepak and McCann, Bryan and Keskar, Nitish Shirish and Joty, Shafiq and Socher, Richard and Rajani, Nazneen Fatema",Findings of the Association for Computational Linguistics: EMNLP 2021,ACL Anthology,C,Q1 / top journal,Selected,Open / stable URL,10.18653/v1/2021.findings-emnlp.424,https://aclanthology.org/2021.findings-emnlp.424/,2021.findings-emnlp.424,05_Constrained_Decoding,controlled-generation,en,none,not_applicable,controlled-generation;decoding,Constrained/control decoding method relevant to factuality-safe generation.,Analytical corpus v2; preprint-only and weak short proceedings excluded.
67,lu2021_neurologic_decoding_un,2021,Neurologic Decoding: (Un)supervised Neural Text Generation with Predicate Logic Constraints,"Lu, Ximing and Welleck, Sean and West, Peter and Jiang, Liwei and Kasai, Jungo and Khashabi, Daniel and Bras, Ronan Le and Qin, Lianhui and Yu, Youngjae and Zellers, Rowan and Smith, Noah A. and Choi, Yejin",Proceedings of the 2021 Conference of the North American Chapter of the Association for Computational Linguistics,ACL Anthology,C,Q1 / top journal,Selected,Open / stable URL,10.18653/v1/2021.naacl-main.339,https://aclanthology.org/2021.naacl-main.339/,2021.naacl-main.339,05_Constrained_Decoding,decoding,en,logic_constraint,not_applicable,constrained-decoding;factuality;logic,Constrained/control decoding method relevant to factuality-safe generation.,Analytical corpus v2; preprint-only and weak short proceedings excluded.
68,pascual2021_plug_play_controlled,2021,A Plug-and-Play Method for Controlled Text Generation,"Pascual, Damian and Egressy, Beni and Meister, Clara and Cotterell, Ryan and Wattenhofer, Roger",Findings of the Association for Computational Linguistics: ACL-IJCNLP 2021,ACL Anthology,C,Q1 / top journal,Selected,Open / stable URL,10.18653/v1/2021.findings-acl.334,https://aclanthology.org/2021.findings-acl.334/,2021.findings-acl.334,05_Constrained_Decoding,controlled-generation,en,none,not_applicable,controlled-generation;decoding,Constrained/control decoding method relevant to factuality-safe generation.,Analytical corpus v2; preprint-only and weak short proceedings excluded.
69,dathathri2020_plug_play_language,2020,Plug and Play Language Models: A Simple Approach to Controlled Text Generation,"Dathathri, Sumanth and Madotto, Andrea and Lan, Janice and Hung, Jane and Frank, Eric and Molino, Piero and Yosinski, Jason and Liu, Rosanne",International Conference on Learning Representations,Other peer-reviewed source,C,Peer-reviewed; verify quartile,Selected,Stable URL; access verify,,https://openreview.net/forum?id=H1edEyBKDS,,05_Constrained_Decoding,controlled-generation,en,none,not_applicable,controlled-generation;llm,Constrained/control decoding method relevant to factuality-safe generation.,Analytical corpus v2; preprint-only and weak short proceedings excluded.
70,kumar2020_controlled_text_generation,2020,Controlled Text Generation as Continuous Optimization with Multiple Constraints,"Kumar, Sachin and Malmi, Eric and Severyn, Aliaksei and Tsvetkov, Yulia",Advances in Neural Information Processing Systems,Other peer-reviewed source,C,Peer-reviewed; verify quartile,Selected,Stable URL; access verify,,https://proceedings.neurips.cc/paper/2020/hash/1f71e393b3809197ed66df836fe833e5-Abstract.html,,05_Constrained_Decoding,controlled-generation,en,constraint,not_applicable,constraints;controlled-generation,Constrained/control decoding method relevant to factuality-safe generation.,Analytical corpus v2; preprint-only and weak short proceedings excluded.
71,shin2020_autoprompt_eliciting_knowledge,2020,AutoPrompt: Eliciting Knowledge from Language Models with Automatically Generated Prompts,"Shin, Taylor and Razeghi, Yasaman and Logan IV, Robert L. and Wallace, Eric and Singh, Sameer",Proceedings of the 2020 Conference on Empirical Methods in Natural Language Processing,ACL Anthology,C,Peer-reviewed; verify quartile,Selected,Open / stable URL,10.18653/v1/2020.emnlp-main.346,https://aclanthology.org/2020.emnlp-main.346/,2020.emnlp-main.346,05_Constrained_Decoding,prompting,en,none,not_applicable,controlled-generation;prompting,Constrained/control decoding method relevant to factuality-safe generation.,Analytical corpus v2; preprint-only and weak short proceedings excluded.
72,welleck2020_neural_text_generation,2020,Neural Text Generation with Unlikelihood Training,"Welleck, Sean and Kulikov, Ilia and Kim, Jaedeok and Pang, Richard Yuanzhe and Cho, Kyunghyun",International Conference on Learning Representations,Other peer-reviewed source,C,Peer-reviewed; verify quartile,Selected,Stable URL; access verify,,https://openreview.net/forum?id=SJeYe0NtvH,,05_Constrained_Decoding,training;decoding,en,none,not_applicable,decoding;generation;unlikelihood,Constrained/control decoding method relevant to factuality-safe generation.,Analytical corpus v2; preprint-only and weak short proceedings excluded.
73,rei2020_comet_neural_framework,2020,COMET: A Neural Framework for MT Evaluation,"Rei, Ricardo and Stewart, Craig and Farinha, Ana C. and Lavie, Alon",Proceedings of EMNLP 2020,ACL Anthology,C,A*/A conference,Selected,Open / stable URL,10.18653/v1/2020.emnlp-main.213,https://aclanthology.org/2020.emnlp-main.213/,2020.emnlp-main.213,07_Evaluation_Methods,metric,multilingual,semantic_similarity,not_applicable,COMET;evaluation;machine-translation,Evaluation metric relevant to text generation quality/factuality.,Analytical corpus v2; preprint-only and weak short proceedings excluded.
74,sellam2020_bleurt_learning_robust,2020,BLEURT: Learning Robust Metrics for Text Generation,"Sellam, Thibault and Das, Dipanjan and Parikh, Ankur",Proceedings of the 58th Annual Meeting of the Association for Computational Linguistics,ACL Anthology,C,Q1 / top journal,Selected,Open / stable URL,10.18653/v1/2020.acl-main.704,https://aclanthology.org/2020.acl-main.704/,2020.acl-main.704,07_Evaluation_Methods,metric,en,semantic_similarity,not_applicable,BLEURT;evaluation,Evaluation metric relevant to text generation quality/factuality.,Analytical corpus v2; preprint-only and weak short proceedings excluded.
75,zhang2020_bertscore_evaluating_text,2020,BERTScore: Evaluating Text Generation with BERT,"Zhang, Tianyi and Kishore, Varsha and Wu, Felix and Weinberger, Kilian Q. and Artzi, Yoav",International Conference on Learning Representations,Other peer-reviewed source,C,Peer-reviewed; verify quartile,Selected,Stable URL; access verify,,https://openreview.net/forum?id=SkeHuCVFDr,1904.09675,07_Evaluation_Methods,metric,multilingual,semantic_similarity,not_applicable,BERTScore;evaluation,Evaluation metric relevant to text generation quality/factuality.,Analytical corpus v2; preprint-only and weak short proceedings excluded.
76,johnson2023_mimic_iv_freely,2023,"MIMIC-IV, A Freely Accessible Electronic Health Record Dataset","Johnson, Alistair E. W. and Bulgarelli, Lucas and Shen, Lu and Gayles, Alvin and Shammout, Ayad and Horng, Steven and Pollard, Tom J. and Hao, Sicheng and Moody, Benjamin and Gow, Brian and Lehman, Li-wei H. and Celi, Leo Anthony and Mark, Roger G.",Scientific Data,Nature Portfolio,J,Q1 / top journal,Selected,Open / stable URL,10.1038/s41597-022-01899-x,https://www.nature.com/articles/s41597-022-01899-x,,11_Clinical_NLP_Datasets,resource,en,none,not_applicable,MIMIC;clinical;dataset,Clinical dataset or benchmark relevant to medical NLP corpus design.,Analytical corpus v2; preprint-only and weak short proceedings excluded.
77,luo2022_natural_language_processing,2022,Natural Language Processing for EHR-Based Computational Phenotyping,"Luo, Yen-Fu and Henry, Sam and Uzuner, Özlem and Szolovits, Peter",IEEE/ACM Transactions on Computational Biology and Bioinformatics,ACM,J,Q1 / top journal,Selected,Stable URL; access verify,10.1109/TCBB.2020.3014350,https://doi.org/10.1109/TCBB.2020.3014350,,11_Clinical_NLP_Datasets,survey,en,none,not_applicable,clinical;phenotyping;survey,Clinical dataset or benchmark relevant to medical NLP corpus design.,Analytical corpus v2; preprint-only and weak short proceedings excluded.
78,bustos2020_padchest_chest_x,2020,PadChest: A Large Chest X-Ray Image Dataset with Multi-label Annotated Reports,"Bustos, Aurelia and Pertusa, Antonio and Salinas, José-María and de la Iglesia-Vayá, María",Medical Image Analysis,Elsevier / ScienceDirect,J,Peer-reviewed; verify quartile,Selected,Stable URL; access verify,10.1016/j.media.2020.101797,https://doi.org/10.1016/j.media.2020.101797,,11_Clinical_NLP_Datasets,resource,es,none,not_applicable,clinical;dataset;radiology,Clinical dataset or benchmark relevant to medical NLP corpus design.,Analytical corpus v2; preprint-only and weak short proceedings excluded.
79,henry2020_2018_n2c2_shared,2020,2018 n2c2 Shared Task on Adverse Drug Events and Medication Extraction in Electronic Health Records,"Henry, Sam and Buchan, Kevin and Filannino, Michele and Stubbs, Amber and Uzuner, Özlem",Journal of the American Medical Informatics Association,Other peer-reviewed source,J,Q1 / top journal,Selected,Stable URL; access verify,10.1093/jamia/ocz166,https://academic.oup.com/jamia/article/27/1/3/5580141,,11_Clinical_NLP_Datasets,NER;relation-extraction,en,entity_preservation,not_applicable,NER;clinical;dataset;medication,Clinical dataset or benchmark relevant to medical NLP corpus design.,Analytical corpus v2; preprint-only and weak short proceedings excluded.
80,zhang2020_pegasus_pre_training,2020,PEGASUS: Pre-training with Extracted Gap-sentences for Abstractive Summarization,"Zhang, Jingqing and Zhao, Yao and Saleh, Mohammad and Liu, Peter J.",Proceedings of ICML 2020,ML conference proceedings,C,A*/A conference,Selected,Stable URL; access verify,,https://proceedings.mlr.press/v119/zhang20ae.html,1912.08777,12_Clinical_Summarization_Health_Literacy,summarization,en,none,not_applicable,pretraining;summarization,Summarization/health-literacy method relevant to patient-facing output.,Analytical corpus v2; preprint-only and weak short proceedings excluded.
